<?xml version="1.0" encoding="utf-8"?>
<!-- $Id: mod_bfquiz_topscore.xml 2 2013-02-06 00:58:15Z tuum $ -->
<extension type="module" version="1.6.0" method="upgrade">
    <name>BF Quiz Top Score</name>
    <creationDate>February 2014</creationDate>
    <author>Tamlyn Software</author>
    <authorEmail>tim@tamlynsoftware.com.au</authorEmail>
    <authorUrl>http://www.tamlynsoftware.com/</authorUrl>
    <copyright>Copyright (c) 2014 - Tamlyn Software</copyright>
    <license>GNU GPL</license>
    <version>2.1.0</version>
	<description>Displays top quiz scores</description>
	<files>
		<filename module="mod_bfquiz_topscore">mod_bfquiz_topscore.php</filename>
		<filename>helper.php</filename>
		<filename>index.html</filename>
		<folder>tmpl</folder>
		<folder>css</folder>
	</files>
	<config>
		<fields name="params">
		<fieldset name="basic">
		<field name="component" type="radio" default="bfquizplus" label="Select component" description="Are you using BF Quiz Plus or BF Quiz Plus Trial?">
			<option value="bfquizplus">BF Quiz Plus</option>
			<option value="bfquizplustrial">BF Quiz Plus Trial</option>
		</field>
		<field name="showName" type="radio" default="fullname" label="Show name" description="Do you want to show name or username?">
			<option value="fullname">Full Name</option>
			<option value="username">Username</option>
		</field>
		<field name="count" type="text" default="5" label="Count" description="The number of items to display (default is 5)" />
		<field name="catid" type="text" default="" label="Category ID" description="Enter the category id number of the quiz you want to show top scores for, eg 35" />
		<field name="showTimeTaken" type="radio" default="1" label="Show Time Taken" description="Would you like to show the time it took to complete the quiz?">
			<option value="1">Yes</option>
			<option value="0">No</option>
		</field>
		<field name="showRanking" type="radio" default="1" label="Show Ranking" description="Would you like to show a ranking number?">
			<option value="1">Yes</option>
			<option value="0">No</option>
		</field>
		<field name="showHeading" type="radio" default="1" label="Show Heading" description="Would you like to show a column headings?">
			<option value="1">Yes</option>
			<option value="0">No</option>
		</field>
		<field name="rankTitle" type="text" size="100" default="Rank" label="Rank text" description="What column heading do you want on the rank column?"/>
		<field name="nameTitle" type="text" size="100" default="Member" label="Name text" description="What column heading do you want on the name column?"/>
		<field name="scoreTitle" type="text" size="100" default="Score" label="Score text" description="What column heading do you want on the score column?"/>
		<field name="timeTakenTitle" type="text" size="100" default="Time elapsed" label="Time taken text" description="What column heading do you want on the time taken column?"/>
   		</fieldset>

		<fieldset
			name="advanced">
				<field
					name="moduleclass_sfx"
					type="text"
					label="COM_MODULES_FIELD_MODULECLASS_SFX_LABEL"
					description="COM_MODULES_FIELD_MODULECLASS_SFX_DESC" />
   		</fieldset>

		</fields>
	</config>


</extension>
