<?xml version="1.0" encoding="utf-8"?>
<extension type="component" version="1.7.0" method="upgrade">
    <name>COM_BFQUIZ_PLUS</name>
    <creationDate>February 2017</creationDate>
    <author>Tim Plummer</author>
    <authorEmail>tim@tamlynsoftware.com</authorEmail>
    <authorUrl>http://www.tamlynsoftware.com/</authorUrl>
    <copyright>Copyright (c) 2017 - Tamlyn Software</copyright>
    <license>GNU GPL</license>
    <version>1.5.1</version>
    <description>BF Quiz Plus is a Joomla 2.5.x / 3.x component that allows you to add quiz or testing functionality to your site.
    </description>

	<scriptfile>file.script.php</scriptfile>

    <install>
	    <sql>
			<file driver="mysql" charset="utf8">sql/install.mysql.utf8.sql</file>
			<file driver="sqlsrv" charset="utf8">sql/install.sqlsrv.utf8.sql</file>
        </sql>
    </install>

    <uninstall>
        <sql>
        	<file driver="mysql" charset="utf8">sql/install.mysql.utf8.sql</file>
        	<file driver="sqlsrv" charset="utf8">sql/uninstall.sqlsrv.utf8.sql</file>
        </sql>
    </uninstall>

	<update>
		<schemas>
			<schemapath type="mysql">sql/updates/mysql</schemapath>
			<schemapath type="sqlsrv">sql/updates/sqlsrv</schemapath>
		</schemas>
	</update>

    <files folder="frontend">
        <filename>index.html</filename>
        <filename>bfquiz_plus.php</filename>
        <filename>controller.php</filename>
        <filename>excelexport.php</filename>
        <filename>router.php</filename>

        <folder>controllers</folder>
		<folder>views</folder>
		<folder>models</folder>
		<folder>includes</folder>
		<folder>css</folder>
        <folder>images</folder>
        <folder>helpers</folder>
    </files>

    <languages folder="languages">
		<language tag="en-GB">en-GB.com_bfquiz_plus.ini</language>
		<language tag="nl-NL">nl-NL.com_bfquiz_plus.ini</language>
		<language tag="el-GR">el-GR.com_bfquiz_plus.ini</language>
		<language tag="de-DE">de-DE.com_bfquiz_plus.ini</language>
		<language tag="nb-NO">nb-NO.com_bfquiz_plus.ini</language>
		<language tag="pt-PT">pt-PT.com_bfquiz_plus.ini</language>
		<language tag="fr-FR">fr-FR.com_bfquiz_plus.ini</language>
		<language tag="pl-PL">pl-PL.com_bfquiz_plus.ini</language>
		<language tag="sv-SE">sv-SE.com_bfquiz_plus.ini</language>
		<language tag="pl-PL">es-ES.com_bfquiz_plus.ini</language>
		<language tag="pt-BR">pt-BR.com_bfquiz_plus.ini</language>
		<language tag="it-IT">it-IT.com_bfquiz_plus.ini</language>
		<language tag="hr-HR">hr-HR.com_bfquiz_plus.ini</language>
		<language tag="sk-SK">sk-SK.com_bfquiz_plus.ini</language>
    </languages>

	<media destination="com_bfquiz_plus" folder="media">
		<folder>images</folder>
		<filename>index.html</filename>
	</media>

    <administration>
        <menu img="./components/com_bfquiz_plus/images/bfquiz.png">COM_BFQUIZ_PLUS_MENU_BFQUIZPLUS</menu>
        <submenu>
	   <menu link="option=com_bfquiz_plus" img="class:article">COM_BFQUIZ_PLUS_MENU_QUESTIONS</menu>
	   <menu link="option=com_categories&amp;extension=com_bfquiz_plus" img="class:category">COM_BFQUIZ_PLUS_MENU_CATEGORIES</menu>
	   <menu link="option=com_bfquiz_plus&amp;view=category" img="class:module">COM_BFQUIZ_PLUS_MENU_REPORT</menu>
	   <menu link="option=com_bfquiz_plus&amp;view=statscategory" img="class:stats">COM_BFQUIZ_PLUS_MENU_STATS</menu>
	   <menu link="option=com_bfquiz_plus&amp;view=resultscategory" img="class:module">COM_BFQUIZ_PLUS_MENU_RESULTS</menu>
	   <menu link="option=com_bfquiz_plus&amp;view=matrixanswers" img="class:category">COM_BFQUIZ_PLUS_MENU_ABCD_ANSWER_MATRIX</menu>
	   <menu link="option=com_bfquiz_plus&amp;view=scoreranges" img="class:category">COM_BFQUIZ_PLUS_MENU_SCORE_RANGE_MATRIX</menu>
	   <menu link="option=com_bfquiz_plus&amp;view=poolitems" img="class:category">COM_BFQUIZ_PLUS_MENU_QUESTION_POOL</menu>
	   <menu link="option=com_bfquiz_plus&amp;view=emailitems" img="class:messages">COM_BFQUIZ_PLUS_MENU_EMAILTEMPLATE</menu>
	   <menu link="option=com_bfquiz_plus&amp;view=scorecats" img="class:category">COM_BFQUIZ_PLUS_MENU_SCORE_CAT</menu>
	   <menu link="option=com_bfquiz_plus&amp;view=maintenance" img="class:maintenance">COM_BFQUIZ_PLUS_MENU_MAINTENANCE</menu>
	   <menu link="option=com_bfquiz_plus&amp;view=help" img="class:help">COM_BFQUIZ_PLUS_MENU_HELP</menu>
        </submenu>

	<files folder="backend">
		<filename>index.html</filename>
		<filename>bfquiz_plus.php</filename>
		<filename>controller.php</filename>
		<filename>config.xml</filename>
		<filename>excelexport.php</filename>
		<filename>mysqlexport.php</filename>
		<filename>access.xml</filename>
		<filename>legacy.php</filename>

		<folder>controllers</folder>
		<folder>css</folder>
		<folder>elements</folder>
		<folder>helpers</folder>
		<folder>images</folder>
		<folder>liveupdate</folder>
		<folder>models</folder>
		<folder>tables</folder>
		<folder>views</folder>
		<folder>sql</folder>

        </files>

		<languages folder="languages">
			<language tag="en-GB">en-GB.com_bfquiz_plus.ini</language>
			<language tag="en-GB">en-GB.com_bfquiz_plus.sys.ini</language>
			<language tag="nl-NL">nl-NL.com_bfquiz_plus.ini</language>
			<language tag="el-GR">el-GR.com_bfquiz_plus.ini</language>
			<language tag="de-DE">de-DE.com_bfquiz_plus.ini</language>
			<language tag="nb-NO">nb-NO.com_bfquiz_plus.ini</language>
			<language tag="pt-PT">pt-PT.com_bfquiz_plus.ini</language>
			<language tag="fr-FR">fr-FR.com_bfquiz_plus.ini</language>
			<language tag="fr-FR">fr-FR.com_bfquiz_plus.sys.ini</language>
			<language tag="pl-PL">pl-PL.com_bfquiz_plus.ini</language>
			<language tag="sv-SE">sv-SE.com_bfquiz_plus.ini</language>
			<language tag="pl-PL">es-ES.com_bfquiz_plus.ini</language>
			<language tag="pt-BR">pt-BR.com_bfquiz_plus.ini</language>
			<language tag="pt-BR">pt-BR.com_bfquiz_plus.sys.ini</language>
			<language tag="it-IT">it-IT.com_bfquiz_plus.ini</language>
			<language tag="hr-HR">hr-HR.com_bfquiz_plus.ini</language>
			<language tag="sk-SK">sk-SK.com_bfquiz_plus.ini</language>
			<language tag="sk-SK">sk-SK.com_bfquiz_plus.sys.ini</language>
		</languages>

    </administration>

	<updateservers>    
		<server type="extension" priority="1" 
				name="BF Quiz Plus"><![CDATA[http://www.tamlynsoftware.com/index.php?option=com_ars&view=update&task=stream&format=xml&id=3]]>
		</server>
	</updateservers>
</extension>