<?xml version="1.0" encoding="utf-8"?>
<extension version="2.5" type="component" method="upgrade">
	<name>COM_BFSURVEY</name>
	<creationDate>2014-07-08</creationDate>
	<author>Tim Plummer</author>
	<authorEmail>tim@tamlynsoftware.com.au</authorEmail>
	<authorUrl>http://www.tamlynsoftware.com</authorUrl>
	<copyright>Copyright (c)2014 Tamlyn Software</copyright>
	<license>GNU GPL v3 or later</license>
	<version>2.0.0 RC6 rev3031816</version>
	<description>Survey component for Joomla.</description>

	<scriptfile>file.script.php</scriptfile>

    <!-- Update servers -->
    <updateservers>
        <server type="extension" priority="1" name="BF Survey"><![CDATA[http://tamlynsoftware.com/index.php?option=com_ars&view=update&task=stream&format=xml&id=4&dummy=/extension.xml]]></server>
    </updateservers>

	<!-- Public front end files -->
	<files folder="frontend">
		<filename>index.html</filename>
		<filename>bfsurvey.php</filename>
		<filename>dispatcher.php</filename>

		<folder>controllers</folder>
		<folder>fields</folder>
		<folder>models</folder>
		<folder>tables</folder>
		<folder>views</folder>
	</files>

	<!-- Front end translation files -->
	<languages folder="language/frontend">
		<language tag="en-GB">en-GB/en-GB.com_bfsurvey.ini</language>
		<language tag="hu-HU">hu-HU/hu-HU.com_bfsurvey.ini</language>
	</languages>

	<!-- SQL query files to execute on installation -->
	<install>
		<sql>
			<file driver="mysql" charset="utf8">sql/install/mysql/install.sql</file>
			<file driver="mysql">sql/install/mysql/install.sql</file>
			<file driver="mysqli" charset="utf8">sql/install/mysql/install.sql</file>
			<file driver="mysqli">sql/install/mysql/install.sql</file>
			<file driver="sqlsrv" charset="utf8">sql/install/sqlsrv/install.sql</file>
			<file driver="sqlsrv">sql/install/sqlsrv/install.sql</file>
		</sql>
	</install>

	<!-- SQL query files to execute on uninstallation -->
	<uninstall>
		<sql>
			<file driver="mysql" charset="utf8">sql/install/mysql/uninstall.sql</file>
			<file driver="mysql">sql/install/mysql/uninstall.sql</file>
			<file driver="mysqli" charset="utf8">sql/install/mysql/uninstall.sql</file>
			<file driver="mysqli">sql/install/mysql/uninstall.sql</file>
			<file driver="sqlsrv" charset="utf8">sql/install/sqlsrv/uninstall.sql</file>
			<file driver="sqlsrv">sql/install/sqlsrv/uninstall.sql</file>
		</sql>
	</uninstall>

	<!-- SQL files to run on update -->
	<update>
		<schemas>
			<schemapath type="mysql">sql/updates/mysql</schemapath>
		</schemas>
	</update>

	<!-- Media files -->
	<media destination="com_bfsurvey" folder="media">
		<folder>css</folder>
		<folder>images</folder>
		<folder>js</folder>
		<folder>tcpdf</folder>
	</media>

	<!-- Administrator back-end section -->
	<administration>
		<!-- Administration menu -->
		<menu view="cpanel"
			img="../media/com_bfsurvey/images/bfsurvey-16.png">COM_BFSURVEY</menu>

		<!-- Back-end files -->
		<files folder="backend">
			<folder>assets</folder>
			<folder>controllers</folder>
			<folder>fields</folder>
			<folder>helpers</folder>
			<folder>liveupdate</folder>
			<folder>models</folder>
			<folder>reports</folder>
			<folder>sql</folder>
			<folder>tables</folder>
			<folder>views</folder>

			<filename>access.xml</filename>
			<filename>config.xml</filename>
			<filename>dispatcher.php</filename>
			<filename>index.html</filename>
			<filename>bfsurvey.php</filename>
			<filename>toolbar.php</filename>
			<filename>fof.xml</filename>
		</files>

		<!-- Back-end translation files -->
		<languages folder="language/backend">
			<language tag="en-GB">en-GB/en-GB.com_bfsurvey.ini</language>
			<language tag="en-GB">en-GB/en-GB.com_bfsurvey.sys.ini</language>
			<language tag="hu-HU">hu-HU/hu-HU.com_bfsurvey.ini</language>
			<language tag="hu-HU">hu-HU/hu-HU.com_bfsurvey.sys.ini</language>
		</languages>

	</administration>
</extension>