<?xml version="1.0" encoding="utf-8"?>
<extension type="module" version="2.5.0" method="upgrade" client="site">
	<name>Maximage Background Slider</name>
	<author>Tim Plummer</author>
	<creationDate>December 2015</creationDate>
	<copyright>Copyright (C) 2015 Tim Plummer / TamlynSoftware.com</copyright>
	<license>GNU GPLv3 - http://www.gnu.org/licenses/gpl.html</license>
	<authorEmail>tim@tamlynsoftware.com</authorEmail>
	<authorUrl>www.tamlynsoftware.com</authorUrl>
	<version>1.0.0</version>
	<description>MOD_MAXIMAGE_DESCRIPTION</description>
	<files>
		<file module="mod_maximage">mod_maximage.php</file>
	</files>
	<languages folder="language">
		<language tag="en-GB">en-GB/en-GB.mod_maximage.ini</language>
		<language tag="en-GB">en-GB/en-GB.mod_maximage.sys.ini</language>
	</languages>

	<!-- Media files -->
	<media destination="mod_maximage" folder="media">
		<folder>css</folder>
		<folder>js</folder>
	</media>

	<config>
		<fields name="params">
			<fieldset name="basic" tabindex="1">
				<field name="note1" type="note" class="alert alert-info" label="MOD_MAXIMAGE_NOTE1_LABEL" description="MOD_MAXIMAGE_NOTE1_DESC" />
			</fieldset>

			<fieldset name="images" tabindex="2">
				<field name="note2" type="note" class="alert alert-info" label="MOD_MAXIMAGE_NOTE2_LABEL" description="MOD_MAXIMAGE_NOTE2_DESC" />

				<field name="image1" type="media" directory=""
					hide_none="1" label="MOD_MAXIMAGE_FIELD_IMAGE_LABEL"
					size="40"
					description="MOD_MAXIMAGE_FIELD_IMAGE_DESC" />

				<field name="image2" type="media" directory=""
					hide_none="1" label="MOD_MAXIMAGE_FIELD_IMAGE_LABEL"
					size="40"
					description="MOD_MAXIMAGE_FIELD_IMAGE_DESC" />

				<field name="image3" type="media" directory=""
					hide_none="1" label="MOD_MAXIMAGE_FIELD_IMAGE_LABEL"
					size="40"
					description="MOD_MAXIMAGE_FIELD_IMAGE_DESC" />

				<field name="image4" type="media" directory=""
					hide_none="1" label="MOD_MAXIMAGE_FIELD_IMAGE_LABEL"
					size="40"
					description="MOD_MAXIMAGE_FIELD_IMAGE_DESC" />

				<field name="image5" type="media" directory=""
					hide_none="1" label="MOD_MAXIMAGE_FIELD_IMAGE_LABEL"
					size="40"
					description="MOD_MAXIMAGE_FIELD_IMAGE_DESC" />

				<field name="image6" type="media" directory=""
					hide_none="1" label="MOD_MAXIMAGE_FIELD_IMAGE_LABEL"
					size="40"
					description="MOD_MAXIMAGE_FIELD_IMAGE_DESC" />

				<field name="image7" type="media" directory=""
					hide_none="1" label="MOD_MAXIMAGE_FIELD_IMAGE_LABEL"
					size="40"
					description="MOD_MAXIMAGE_FIELD_IMAGE_DESC" />

				<field name="image8" type="media" directory=""
					hide_none="1" label="MOD_MAXIMAGE_FIELD_IMAGE_LABEL"
					size="40"
					description="MOD_MAXIMAGE_FIELD_IMAGE_DESC" />

				<field name="image9" type="media" directory=""
					hide_none="1" label="MOD_MAXIMAGE_FIELD_IMAGE_LABEL"
					size="40"
					description="MOD_MAXIMAGE_FIELD_IMAGE_DESC" />

				<field name="image10" type="media" directory=""
					hide_none="1" label="MOD_MAXIMAGE_FIELD_IMAGE_LABEL"
					size="40"
					description="MOD_MAXIMAGE_FIELD_IMAGE_DESC" />
			</fieldset>
			<fieldset name="options" tabindex="3">
				<field name="autoplaySpeed" type="text" class="inputbox"
					size="40" label="MOD_MAXIMAGE_FIELD_AUTOPLAYSPEED_LABEL"
					description="MOD_MAXIMAGE_FIELD_AUTOPLAYSPEED_DESC" default="3000" filter="integer" />

			</fieldset>

			<fieldset name="advanced"  tabindex="4">
				<field name="moduleclass_sfx" type="text" default="" label="MOD_MAXIMAGE_SUFFIX_LABEL" description="MOD_MAXIMAGE_SUFFIX_DESC" />
			</fieldset>

		</fields>
	</config>
</extension>