<?xml version="1.0" encoding="utf-8"?>
<extension version="2.5" type="component" method="upgrade">
	<name>COM_UEMAN</name>
	<creationDate>2016-09-14</creationDate>
	<author>Hardy Azeez, Peter Bui, Richard Pearce, Tim Plummer</author>
	<authorEmail>tim@tamlynsoftware.com.au</authorEmail>
	<authorUrl>http://ueapps.co/</authorUrl>
	<copyright>Copyright (c)2015 UE Man</copyright>
	<license>GNU GPL v3 or later</license>
	<version>1.6.5</version>
	<description>User Enhancement component for Joomla.</description>

	<scriptfile>file.script.php</scriptfile>

	<!-- Public front end files -->
	<files folder="frontend">
		<filename>index.html</filename>
		<filename>ueman.php</filename>
		<filename>dispatcher.php</filename>

		<folder>controllers</folder>
		<folder>fields</folder>
		<folder>models</folder>
		<folder>tables</folder>
		<folder>views</folder>
	</files>

	<!-- Front end translation files -->
	<languages folder="language/frontend">
		<language tag="en-GB">en-GB/en-GB.com_ueman.ini</language>
	</languages>

	<!-- SQL query files to execute on installation -->
	<install>
		<sql>
			<file driver="mysql" charset="utf8">sql/install/mysql/install.sql</file>
			<file driver="mysql">sql/install/mysql/install.sql</file>
			<file driver="mysqli" charset="utf8">sql/install/mysql/install.sql</file>
			<file driver="mysqli">sql/install/mysql/install.sql</file>
			<file driver="sqlsrv" charset="utf8">sql/install/sqlsrv/install.sql</file>
			<file driver="sqlsrv">sql/install/sqlsrv/install.sql</file>
		</sql>
	</install>

	<!-- SQL query files to execute on uninstallation -->
	<uninstall>
		<sql>
			<file driver="mysql" charset="utf8">sql/install/mysql/uninstall.sql</file>
			<file driver="mysql">sql/install/mysql/uninstall.sql</file>
			<file driver="mysqli" charset="utf8">sql/install/mysql/uninstall.sql</file>
			<file driver="mysqli">sql/install/mysql/uninstall.sql</file>
			<file driver="sqlsrv" charset="utf8">sql/install/sqlsrv/uninstall.sql</file>
			<file driver="sqlsrv">sql/install/sqlsrv/uninstall.sql</file>
		</sql>
	</uninstall>

	<!-- SQL files to run on update -->
	<update>
		<schemas>
			<schemapath type="mysql">sql/updates/mysql</schemapath>
		</schemas>
	</update>

	<!-- Media files -->
	<media destination="com_ueman" folder="media">
		<folder>css</folder>
		<folder>images</folder>
		<folder>js</folder>
	</media>

	<!-- Administrator back-end section -->
	<administration>
		<!-- Administration menu -->
		<menu view="cpanel"
			img="../media/com_ueman/images/ueman-16.png">COM_UEMAN</menu>

		<!-- Back-end files -->
		<files folder="backend">
			<folder>assets</folder>
			<folder>controllers</folder>
			<folder>fields</folder>
			<folder>helpers</folder>
			<folder>models</folder>
			<folder>sql</folder>
			<folder>tables</folder>
			<folder>views</folder>

			<filename>access.xml</filename>
			<filename>config.xml</filename>
			<filename>dispatcher.php</filename>
			<filename>index.html</filename>
			<filename>ueman.php</filename>
			<filename>toolbar.php</filename>
			<filename>fof.xml</filename>
		</files>

		<!-- Back-end translation files -->
		<languages folder="language/backend">
			<language tag="en-GB">en-GB/en-GB.com_ueman.ini</language>
			<language tag="en-GB">en-GB/en-GB.com_ueman.sys.ini</language>
		</languages>
		
	<updateservers>    
		<server type="extension" priority="1" 
				name="UE Man"><![CDATA[https://ueapps.co/index.php?option=com_ars&view=update&task=stream&format=xml&id=1]]>
		</server>
	</updateservers>

	</administration>
</extension>