<?xml version="1.0" encoding="utf-8"?>
<!-- $Id: com_bfsurvey_plus.xml 60 2014-05-15 01:48:48Z tuum $ -->
<extension type="component" version="2.5" method="upgrade">
    <name>COM_BFSURVEY_PLUS</name>
    <creationDate>June 2014</creationDate>
    <author>Tim Plummer</author>
    <authorEmail>tim@tamlynsoftware.com</authorEmail>
    <authorUrl>http://www.tamlynsoftware.com/</authorUrl>
    <copyright>Copyright (c) 2014 - Tamlyn Software.</copyright>
    <license>GNU GPL</license>
    <version>1.1.20</version>
    <description>BF Survey Plus is a 2.5.x / 3.x component that allows you to create custom surveys.
    </description>

	<scriptfile>file.script.php</scriptfile>

    <install>
	    <sql>
			<file driver="mysql" charset="utf8">sql/install.mysql.utf8.sql</file>
			<file driver="sqlsrv" charset="utf8">sql/install.sqlsrv.utf8.sql</file>
        </sql>
    </install>

    <uninstall>
        <sql>
        	<file driver="mysql" charset="utf8">sql/install.mysql.utf8.sql</file>
        	<file driver="sqlsrv" charset="utf8">sql/uninstall.sqlsrv.utf8.sql</file>
        </sql>
    </uninstall>

	<update>
		<schemas>
			<schemapath type="mysql">sql/updates/mysql</schemapath>
			<schemapath type="sqlsrv">sql/updates/sqlsrv</schemapath>
		</schemas>
	</update>

    <files folder="component">
        <filename>index.html</filename>
        <filename>bfsurvey_plus.php</filename>
        <filename>controller.php</filename>
        <filename>excelexport.php</filename>

        <folder>controllers</folder>
		<folder>views</folder>
		<folder>models</folder>
		<folder>includes</folder>
		<folder>css</folder>
    </files>

    <languages folder="languages">
	   <language tag="en-GB">en-GB.com_bfsurvey_plus.ini</language>
	   <language tag="nl-NL">nl-NL.com_bfsurvey_plus.ini</language>
	   <language tag="el-GR">el-GR.com_bfsurvey_plus.ini</language>
	   <language tag="de-DE">de-DE.com_bfsurvey_plus.ini</language>
	   <language tag="nb-NO">nb-NO.com_bfsurvey_plus.ini</language>
	   <language tag="pt-PT">pt-PT.com_bfsurvey_plus.ini</language>
	   <language tag="fr-FR">fr-FR.com_bfsurvey_plus.ini</language>
	   <language tag="pl-PL">pl-PL.com_bfsurvey_plus.ini</language>
	   <language tag="sv-SE">sv-SE.com_bfsurvey_plus.ini</language>
	   <language tag="es-ES">es-ES.com_bfsurvey_plus.ini</language>
	   <language tag="pt-BR">pt-BR.com_bfsurvey_plus.ini</language>
	   <language tag="hu-HU">hu-HU.com_bfsurvey_plus.ini</language>
	   <language tag="sk-SK">sk-SK.com_bfsurvey_plus.ini</language>
	   <language tag="it-IT">it-IT.com_bfsurvey_plus.ini</language>
	   <language tag="bn-BD">bn-BD.com_bfsurvey_plus.ini</language>
	   <language tag="fi-FI">fi-FI.com_bfsurvey_plus.ini</language>
	   <language tag="ru-RU">ru-RU.com_bfsurvey_plus.ini</language>
	   <language tag="sl-SI">sl-SI.com_bfsurvey_plus.ini</language>
    </languages>

	<media destination="com_bfsurvey_plus" folder="media">
		<folder>images</folder>
		<filename>index.html</filename>
	</media>

    <administration>
        <menu img="./components/com_bfsurvey_plus/images/bfsurvey.png">COM_BFSURVEY_PLUS_MENU_BFSURVEYPLUS</menu>
		<submenu>
			<menu link="option=com_bfsurvey_plus&amp;controller=controller" img="class:article">COM_BFSURVEY_PLUS_MENU_QUESTIONS</menu>
			<menu link="option=com_categories&amp;extension=com_bfsurvey_plus" img="class:category">COM_BFSURVEY_PLUS_MENU_CATEGORIES</menu>
			<menu link="option=com_bfsurvey_plus&amp;task=category" img="class:module">COM_BFSURVEY_PLUS_MENU_REPORT</menu>
			<menu link="option=com_bfsurvey_plus&amp;view=statscategory" img="class:stats">COM_BFSURVEY_PLUS_MENU_STATS</menu>
			<menu link="option=com_bfsurvey_plus&amp;view=resultscategory" img="class:module">COM_BFSURVEY_PLUS_MENU_RESULTS</menu>
			<menu link="option=com_bfsurvey_plus&amp;view=emailitems" img="class:messages">COM_BFSURVEY_PLUS_MENU_EMAILTEMPLATE</menu>
			<menu link="option=com_bfsurvey_plus&amp;view=maintenance" img="class:maintenance">COM_BFSURVEY_PLUS_MENU_MAINTENANCE</menu>
			<menu link="option=com_bfsurvey_plus&amp;view=help" img="class:help">COM_BFSURVEY_PLUS_MENU_HELP</menu>
		</submenu>

        <files folder="admin">
            <filename>index.html</filename>
            <filename>bfsurvey_plus.php</filename>
            <filename>controller.php</filename>
            <filename>config.xml</filename>
            <filename>excelexport.php</filename>
            <filename>mysqlexport.php</filename>
            <filename>access.xml</filename>
            <filename>legacy.php</filename>

            <folder>controllers</folder>
            <folder>css</folder>
            <folder>elements</folder>
            <folder>helpers</folder>
            <folder>images</folder>
            <folder>liveupdate</folder>
            <folder>models</folder>
            <folder>tables</folder>
			<folder>views</folder>
	    	<folder>sql</folder>
        </files>

		<languages folder="languages">
	   		<language tag="en-GB">en-GB.com_bfsurvey_plus.ini</language>
	   		<language tag="en-GB">en-GB.com_bfsurvey_plus.sys.ini</language>
	   		<language tag="nl-NL">nl-NL.com_bfsurvey_plus.ini</language>
	   		<language tag="nl-NL">nl-NL.com_bfsurvey_plus.sys.ini</language>
	   		<language tag="el-GR">el-GR.com_bfsurvey_plus.ini</language>
	   		<language tag="de-DE">de-DE.com_bfsurvey_plus.ini</language>
	   		<language tag="nb-NO">nb-NO.com_bfsurvey_plus.ini</language>
	   		<language tag="pt-PT">pt-PT.com_bfsurvey_plus.ini</language>
	   		<language tag="fr-FR">fr-FR.com_bfsurvey_plus.ini</language>
	   		<language tag="pl-PL">pl-PL.com_bfsurvey_plus.ini</language>
	   		<language tag="pl-PL">pl-PL.com_bfsurvey_plus.sys.ini</language>
	   		<language tag="sv-SE">sv-SE.com_bfsurvey_plus.ini</language>
	   		<language tag="es-ES">es-ES.com_bfsurvey_plus.ini</language>
	   		<language tag="en-GB">es-ES.com_bfsurvey_plus.sys.ini</language>
	   		<language tag="pt-BR">pt-BR.com_bfsurvey_plus.ini</language>
			<language tag="hu-HU">hu-HU.com_bfsurvey_plus.ini</language>
			<language tag="sk-SK">sk-SK.com_bfsurvey_plus.ini</language>
			<language tag="it-IT">it-IT.com_bfsurvey_plus.ini</language>
			<language tag="fi-FI">fi-FI.com_bfsurvey_plus.ini</language>
			<language tag="fi-FI">fi-FI.com_bfsurvey_plus.sys.ini</language>
			<language tag="bn-BD">bn-BD.com_bfsurvey_plus.ini</language>
			<language tag="bn-BD">bn-BD.com_bfsurvey_plus.sys.ini</language>
			<language tag="ru-RU">ru-RU.com_bfsurvey_plus.ini</language>
			<language tag="ru-RU">ru-RU.com_bfsurvey_plus.sys.ini</language>
			<language tag="sl-SI">sl-SI.com_bfsurvey_plus.ini</language>
			<language tag="sl-SI">sl-SI.com_bfsurvey_plus.sys.ini</language>
    	</languages>

    </administration>

</extension>