<?xml version="1.0" encoding="UTF-8"?>
<extension
	version="1.6"
	type="plugin"
	group="system"
	method="upgrade">

	<name>System - BigoCaptcha</name>
	<author>Tim Plummer</author>
	<creationDate>December 2011</creationDate>
	<copyright>Copyright (c) 2011 - Tamlyn Creative Pty Ltd</copyright>
    <license>GNU General Public License version 3 or later</license>
	<authorEmail>tim@tamlyncreative.com.au</authorEmail>
	<authorUrl>http://www.tamlyncreative.com.au/software/</authorUrl>
	<version>1.0</version>
	<description>Provides a captcha image and checks to ensure it is valid. This is a Joomla 1.7 adaption of Bigo CAPTCHA (C) 2007 - bigodines. bigodines@joomla.com.br  www.bigodines.com</description>
	
	<files>
		<filename plugin="bigocaptcha">bigocaptcha.php</filename>
		<folder>Captcha04</folder>
		<filename>index.html</filename>
	</files>

	<config>
		<fields name="params">
			<fieldset name="basic">
				
                <field name="word_len" type="text" 
                	default="4" 
                	label="Word length" 
                	description="How many letters must the captcha have?"
                />
                
   			</fieldset>
		</fields>
	</config>

	<!-- Extension Update Specification -->
	<updateservers>
		<server
			type="extension"
			priority="1"
			name="BigoCaptcha">http://www.tamlyncreative.com.au/software/updates/bigocaptcha.xml</server>
	</updateservers>        
        
</extension>