<?xml version="1.0" encoding="utf-8"?>
<extension version="2.5" type="component" method="upgrade">
    <name>COM_BFAUCTION</name>
	<creationDate>2015-12-01</creationDate>
    <author>Tim Plummer</author>
    <authorEmail>tim@tamlynsoftware.com</authorEmail>
    <authorUrl>http://www.tamlynsoftware.com/</authorUrl>
    <copyright>Copyright (c) 2015 - Tamlyn Software</copyright>
	<license>GNU GPL v2 or later</license>
	<version>2.0.0b2revCCAF338</version>
	<description>BF Auction is a 2.5.x/3.x component that allows you to run your own auctions.</description>

   <scriptfile>file.script.php</scriptfile>

	<!-- need to add MS SQL Server Support here -->
	<install>
		<sql>
			<file driver="mysql" charset="utf8">sql/install/mysql/install.sql</file>
			<file driver="mysql">sql/install/mysql/install.sql</file>
			<file driver="mysqli" charset="utf8">sql/install/mysql/install.sql</file>
			<file driver="mysqli">sql/install/mysql/install.sql</file>
		</sql>
	</install>

	<!-- need to add MS SQL Server Support here -->
	<uninstall>
		<sql>
			<file driver="mysql" charset="utf8">sql/install/mysql/uninstall.sql</file>
			<file driver="mysql">sql/install/mysql/uninstall.sql</file>
			<file driver="mysqli" charset="utf8">sql/install/mysql/uninstall.sql</file>
			<file driver="mysqli">sql/install/mysql/uninstall.sql</file>
		</sql>
	</uninstall>

    <!-- need to add MS SQL Server Support here -->
	<update>
		<schemas>
			<schemapath type="mysql">sql/updates/mysql</schemapath>
		</schemas>
	</update>

	<media destination="com_bfauction" folder="media">
		<folder>css</folder>
		<folder>images</folder>
		<folder>js</folder>
	</media>

    <files folder="frontend">
		<filename>index.html</filename>
		<filename>bfauction.php</filename>
		<filename>dispatcher.php</filename>

		<folder>assets</folder>
		<folder>controllers</folder>
		<folder>models</folder>
		<folder>tables</folder>
		<folder>views</folder>
    </files>

	<!-- Front end translation files -->
	<languages folder="language/frontend">
		<language tag="en-GB">en-GB/en-GB.com_bfauction.ini</language>
	</languages>

    <administration>
		<!-- Administration menu -->
		<menu view="cpanel"
			img="../media/com_bfauction/images/bfauction-16.png">COM_BFAUCTION</menu>

        <files folder="backend">
			<folder>controllers</folder>
			<folder>fields</folder>
			<folder>helpers</folder>
			<folder>liveupdate</folder>
			<folder>models</folder>
			<folder>sql</folder>
			<folder>tables</folder>
			<folder>views</folder>

			<filename>access.xml</filename>
			<filename>config.xml</filename>
			<filename>dispatcher.php</filename>
			<filename>index.html</filename>
			<filename>bfauction.php</filename>
			<filename>fof.xml</filename>
			<filename>toolbar.php</filename>
		</files>

		<languages folder="language/backend">
			<language tag="en-GB">en-GB/en-GB.com_bfauction.ini</language>
			<language tag="en-GB">en-GB/en-GB.com_bfauction.sys.ini</language>
		</languages>
    </administration>

</extension>