<?xml version="1.0" encoding="utf-8"?>
<!-- $Id: com_bfquiz.xml 2 2011-11-15 04:37:51Z tuum $ -->
<!DOCTYPE install SYSTEM "http://dev.joomla.org/xml/1.5/component-install.dtd">
<install type="component" version="1.5" method="upgrade"> 
    <name>BFQuiz</name> 
    <creationDate>October 2011</creationDate> 
    <author>http://www.tamlyncreative.com.au/software/</author> 
    <authorEmail>tim@tamlyncreative.com.au</authorEmail>
    <authorUrl>http://www.tamlyncreative.com.au/software/</authorUrl>
    <copyright>Copyright (c) 2011 - Tamlyn Creative Pty Ltd</copyright>
    <license>GNU GPL</license>
    <version>1.4.6</version>
    <description>BF Quiz is a Joomla 1.5.x component that allows you to add quiz or testing functionality to your site.
    </description>
    <installfile>install.bfquiz.php</installfile>
    <uninstallfile>uninstall.bfquiz.php</uninstallfile>

    <files folder="component">
        <filename>index.html</filename>
        <filename>bfquiz.php</filename>
        <filename>controller.php</filename>
        <filename>excelexport.php</filename>
        <filename>views/index.html</filename>     
 
        <filename>views/bfquiz/index.html</filename>
        <filename>views/bfquiz/view.html.php</filename>
        <filename>views/bfquiz/metadata.xml</filename>
        <filename>views/bfquiz/tmpl/index.html</filename>
        <filename>views/bfquiz/tmpl/default.php</filename>
        <filename>views/bfquiz/tmpl/default.xml</filename>  
        
        <filename>views/onepage/index.html</filename>
        <filename>views/onepage/view.html.php</filename>
        <filename>views/onepage/metadata.xml</filename>
        <filename>views/onepage/tmpl/index.html</filename>
        <filename>views/onepage/tmpl/default.php</filename>
        <filename>views/onepage/tmpl/default.xml</filename> 
    
    	<filename>views/pool/index.html</filename>
        <filename>views/pool/view.html.php</filename>
        <filename>views/pool/metadata.xml</filename>
        <filename>views/pool/tmpl/index.html</filename>
        <filename>views/pool/tmpl/default.php</filename>
        <filename>views/pool/tmpl/default.xml</filename>          
        
        <filename>views/sayg/index.html</filename>
        <filename>views/sayg/view.html.php</filename>
        <filename>views/sayg/metadata.xml</filename>
        <filename>views/sayg/tmpl/index.html</filename>
        <filename>views/sayg/tmpl/default.php</filename>
        <filename>views/sayg/tmpl/default.xml</filename>         
        
        <filename>views/stats/index.html</filename>
        <filename>views/stats/view.html.php</filename>
        <filename>views/stats/metadata.xml</filename>
        <filename>views/stats/tmpl/index.html</filename>
        <filename>views/stats/tmpl/default.php</filename>
        <filename>views/stats/tmpl/default.xml</filename>    
        
        <filename>views/response/index.html</filename>
        <filename>views/response/view.html.php</filename>
        <filename>views/response/metadata.xml</filename>
        <filename>views/response/tmpl/index.html</filename>
        <filename>views/response/tmpl/default.php</filename>        
        
        <filename>views/results/index.html</filename>
        <filename>views/results/view.html.php</filename>
        <filename>views/results/metadata.xml</filename>
        <filename>views/results/tmpl/index.html</filename>
        <filename>views/results/tmpl/default.php</filename>
        <filename>views/results/tmpl/default.xml</filename>          

        <filename>views/myquizzes/index.html</filename>
        <filename>views/myquizzes/view.html.php</filename>
        <filename>views/myquizzes/metadata.xml</filename>
        <filename>views/myquizzes/tmpl/index.html</filename>
        <filename>views/myquizzes/tmpl/default.php</filename>
        <filename>views/myquizzes/tmpl/default.xml</filename> 
        
        <filename>models/index.html</filename>
    	<filename>models/bfquiz.php</filename>
        <filename>models/sayg.php</filename>
        <filename>models/onepage.php</filename>
        <filename>models/pool.php</filename>
        <filename>models/results.php</filename>        
        
        <filename>css/style.css</filename>
        <filename>css/index.html</filename>
        
        <filename>images/index.html</filename>
        <filename>images/manualHandling.jpg</filename>
        <filename>images/shoe1.jpg</filename>
        <filename>images/shoe2.jpg</filename>
        <filename>images/shoe3.jpg</filename>
        
        <filename>images/Water.jpg</filename>
        <filename>images/Foam.jpg</filename>
        <filename>images/Dry-chem.jpg</filename>
        <filename>images/Co2.jpg</filename>
    </files>
    
    <languages folder="languages">
    <language tag="en-GB">en-GB.com_bfquiz.ini</language>
	<language tag="nl-NL">nl-NL.com_bfquiz.ini</language>
	<language tag="el-GR">el-GR.com_bfquiz.ini</language>
	<language tag="de-DE">de-DE.com_bfquiz.ini</language>
	<language tag="nb-NO">nb-NO.com_bfquiz.ini</language>
	<language tag="pt-PT">pt-PT.com_bfquiz.ini</language>
	<language tag="fr-FR">fr-FR.com_bfquiz.ini</language>
	<language tag="pl-PL">pl-PL.com_bfquiz.ini</language>
	<language tag="sv-SE">sv-SE.com_bfquiz.ini</language>
	<language tag="pl-PL">es-ES.com_bfquiz.ini</language>   
	<language tag="pt-BR">pt-BR.com_bfquiz.ini</language>
	<language tag="it-IT">it-IT.com_bfquiz.ini</language>
	<language tag="hr-HR">hr-HR.com_bfquiz.ini</language>
    </languages>    

    <administration>
        <menu img="./components/com_bfquiz/images/bfquiz.png">BF Quiz</menu>
        <submenu>
	   <menu link="option=com_bfquiz&amp;controller=controller" img="js/ThemeOffice/component.png">Questions</menu>
	   <menu link="option=com_categories&amp;section=com_bfquiz" img="js/ThemeOffice/component.png">Categories</menu>
	   <menu link="option=com_bfquiz&amp;task=category" img="js/ThemeOffice/component.png">Report</menu>
	   <menu link="option=com_bfquiz&amp;task=stats" img="js/ThemeOffice/component.png">Stats</menu>
	   <menu link="option=com_bfquiz&amp;controller=resultscategory&amp;task=resultscategory" img="js/ThemeOffice/component.png">Results</menu>
	   <menu link="option=com_bfquiz&amp;controller=matrix&amp;task=matrix" img="js/ThemeOffice/component.png">ABCD Answer Matrix</menu>
	   <menu link="option=com_bfquiz&amp;controller=scorerange&amp;task=scorerange" img="js/ThemeOffice/component.png">Score Range Matrix</menu>
	   <menu link="option=com_bfquiz&amp;controller=pool&amp;task=pool" img="js/ThemeOffice/component.png">Question Pool</menu>
	   <menu link="option=com_bfquiz&amp;controller=emailtemplate&amp;task=emailtemplate" img="js/ThemeOffice/component.png">Email Template</menu>
	   <menu link="option=com_bfquiz&amp;task=maintenance" img="js/ThemeOffice/component.png">Maintenance</menu>
        </submenu>
  
	<files folder="admin">
		<filename>index.html</filename>
		<filename>admin.bfquiz.php</filename>
		<filename>controller.php</filename>
		<filename>config.xml</filename>
		<filename>excelexport.php</filename>
		<filename>mysqlexport.php</filename>
            
		<filename>controllers/index.html</filename>
		<filename>controllers/emailitem.php</filename>
		<filename>controllers/emailtemplate.php</filename>
		<filename>controllers/matrix.php</filename>
		<filename>controllers/matrixanswer.php</filename>
		<filename>controllers/pool.php</filename>
		<filename>controllers/poolitem.php</filename>
		<filename>controllers/response.php</filename>
		<filename>controllers/responsepool.php</filename>
		<filename>controllers/results.php</filename>
		<filename>controllers/resultscategory.php</filename>
		<filename>controllers/resultspool.php</filename>
		<filename>controllers/scorerange.php</filename>
		<filename>controllers/scorerangeanswer.php</filename>
		<filename>controllers/statspool.php</filename>
		
		<filename>css/bfquiz.css</filename>
	    <filename>css/index.html</filename>
	    
	    <filename>elements/bfquiz.php</filename>
	    <filename>elements/bfquizpool.php</filename>
	    <filename>elements/index.html</filename>
	    
		<filename>helpers/index.html</filename>
		<filename>helpers/helper.php</filename>
 	    
 	    <filename>images/index.html</filename>
		<filename>images/bfquiz.png</filename>
	    <filename>images/bflogo.jpg</filename>
	    <filename>images/bftick.jpg</filename>
	    <filename>images/con_info.png</filename>
	    <filename>images/icon-16-default.png</filename>
	    <filename>images/b_browse.png</filename>
	    <filename>images/mandatory.gif</filename>
	    
	    <filename>models/index.html</filename>
	    <filename>models/bfquiz.php</filename>
	    <filename>models/emailitem.php</filename>
	    <filename>models/emailtemplate.php</filename>
	    <filename>models/listquestions.php</filename>
	    <filename>models/matrix.php</filename>
	    <filename>models/matrixanswer.php</filename>
	    <filename>models/pool.php</filename>
	    <filename>models/poolitem.php</filename>
	    <filename>models/question.php</filename>
	    <filename>models/responsepool.php</filename>
	    <filename>models/results.php</filename>
	    <filename>models/resultspool.php</filename>
	    <filename>models/scorerange.php</filename>
	    <filename>models/scorerangeanswer.php</filename>
	    <filename>models/statspool.php</filename>
	    
	    <filename>tables/index.html</filename>
	    <filename>tables/emailitem.php</filename>
	    <filename>tables/question.php</filename>
	    <filename>tables/scorerangeanswer.php</filename>
	    <filename>tables/matrixanswer.php</filename>
	    <filename>tables/poolitem.php</filename>
	    
	    <filename>views/index.html</filename>
	    
	    <filename>views/bfquiz/index.html</filename>
	    <filename>views/bfquiz/view.html.php</filename>
	    <filename>views/bfquiz/tmpl/index.html</filename>
	    <filename>views/bfquiz/tmpl/default.php</filename>    
	    
	    <filename>views/category/index.html</filename>
	    <filename>views/category/view.html.php</filename>
	    <filename>views/category/tmpl/index.html</filename>
	    <filename>views/category/tmpl/default.php</filename>	    
	    
		<filename>views/csvexport/index.html</filename>
	    <filename>views/csvexport/view.html.php</filename>
	    <filename>views/csvexport/tmpl/index.html</filename>
	    <filename>views/csvexport/tmpl/default.php</filename>	
	    
		<filename>views/emailitem/index.html</filename>
	    <filename>views/emailitem/view.html.php</filename>
	    <filename>views/emailitem/tmpl/index.html</filename>
	    <filename>views/emailitem/tmpl/form.php</filename>	
	    
		<filename>views/emailtemplate/index.html</filename>
	    <filename>views/emailtemplate/view.html.php</filename>
	    <filename>views/emailtemplate/tmpl/index.html</filename>
	    <filename>views/emailtemplate/tmpl/default.php</filename>		    	    	    

		<filename>views/listquestions/index.html</filename>
	    <filename>views/listquestions/view.html.php</filename>
	    <filename>views/listquestions/tmpl/index.html</filename>
		<filename>views/listquestions/tmpl/default.php</filename> 

		<filename>views/maintenance/index.html</filename>
	    <filename>views/maintenance/view.html.php</filename>
	    <filename>views/maintenance/tmpl/index.html</filename>
		<filename>views/maintenance/tmpl/default.php</filename>

	    <filename>views/matrix/index.html</filename>
	    <filename>views/matrix/view.html.php</filename>
	    <filename>views/matrix/tmpl/index.html</filename>
	    <filename>views/matrix/tmpl/default.php</filename> 

	    <filename>views/matrixanswer/index.html</filename>
	    <filename>views/matrixanswer/view.html.php</filename>
	    <filename>views/matrixanswer/tmpl/index.html</filename>
	    <filename>views/matrixanswer/tmpl/default.php</filename>

	    <filename>views/pool/index.html</filename>
	    <filename>views/pool/view.html.php</filename>
	    <filename>views/pool/tmpl/index.html</filename>
		<filename>views/pool/tmpl/default.php</filename>

	    <filename>views/poolitem/index.html</filename>
	    <filename>views/poolitem/view.html.php</filename>
	    <filename>views/poolitem/tmpl/index.html</filename>
		<filename>views/poolitem/tmpl/default.php</filename>
	   	    
	    <filename>views/question/index.html</filename>
	    <filename>views/question/view.html.php</filename>
	    <filename>views/question/tmpl/index.html</filename>
	    <filename>views/question/tmpl/form.php</filename>

	    <filename>views/report/index.html</filename>
	    <filename>views/report/view.html.php</filename>
	    <filename>views/report/tmpl/index.html</filename>
	    <filename>views/report/tmpl/default.php</filename>  
	    
	    <filename>views/reportpool/index.html</filename>
	    <filename>views/reportpool/view.html.php</filename>
	    <filename>views/reportpool/tmpl/index.html</filename>
	    <filename>views/reportpool/tmpl/default.php</filename>  

	    <filename>views/response/index.html</filename>	    
	    <filename>views/response/view.html.php</filename>
	    <filename>views/response/tmpl/index.html</filename>
	    <filename>views/response/tmpl/response.php</filename>            

		<filename>views/responsepool/index.html</filename>	    
	    <filename>views/responsepool/view.html.php</filename>
	    <filename>views/responsepool/tmpl/index.html</filename>
	    <filename>views/responsepool/tmpl/response.php</filename> 

	    <filename>views/results/index.html</filename>
	    <filename>views/results/view.html.php</filename>
	    <filename>views/results/tmpl/index.html</filename>
	    <filename>views/results/tmpl/default.php</filename>  
	    
	    <filename>views/resultscategory/index.html</filename>
	    <filename>views/resultscategory/view.html.php</filename>
	    <filename>views/resultscategory/tmpl/index.html</filename>
	    <filename>views/resultscategory/tmpl/default.php</filename> 
                         
		<filename>views/resultspool/index.html</filename>
	    <filename>views/resultspool/view.html.php</filename>
	    <filename>views/resultspool/tmpl/index.html</filename>
	    <filename>views/resultspool/tmpl/default.php</filename>   
                         
	    <filename>views/scorerange/index.html</filename>
	    <filename>views/scorerange/view.html.php</filename>
	    <filename>views/scorerange/tmpl/index.html</filename>
	    <filename>views/scorerange/tmpl/default.php</filename>  
	    
	    <filename>views/scorerangeanswer/index.html</filename>
	    <filename>views/scorerangeanswer/view.html.php</filename>
	    <filename>views/scorerangeanswer/tmpl/index.html</filename>
	    <filename>views/scorerangeanswer/tmpl/default.php</filename>            

	    <filename>views/stats/index.html</filename>
	    <filename>views/stats/view.html.php</filename>
	    <filename>views/stats/tmpl/index.html</filename>
	    <filename>views/stats/tmpl/default.php</filename>	    

	    <filename>views/statscategory/index.html</filename>
	    <filename>views/statscategory/view.html.php</filename>
	    <filename>views/statscategory/tmpl/index.html</filename>
	    <filename>views/statscategory/tmpl/default.php</filename>
	    
	    <filename>views/statspool/index.html</filename>
	    <filename>views/statspool/view.html.php</filename>
	    <filename>views/statspool/tmpl/index.html</filename>
	    <filename>views/statspool/tmpl/default.php</filename>
	    
	    <filename>install.sql</filename>
		<filename>uninstall.sql</filename>
		<filename>sample_data.sql</filename>
		<filename>upgrade_1.3.1.sql</filename>

        </files>
        
		<languages folder="languages">
			<language tag="en-GB">en-GB.com_bfquiz.ini</language>
			<language tag="en-GB">en-GB.com_bfquiz.menu.ini</language>
			<language tag="nl-NL">nl-NL.com_bfquiz.ini</language>
			<language tag="el-GR">el-GR.com_bfquiz.ini</language>
			<language tag="de-DE">de-DE.com_bfquiz.ini</language>
			<language tag="nb-NO">nb-NO.com_bfquiz.ini</language>
			<language tag="pt-PT">pt-PT.com_bfquiz.ini</language>
			<language tag="fr-FR">fr-FR.com_bfquiz.ini</language>
			<language tag="pl-PL">pl-PL.com_bfquiz.ini</language>
			<language tag="sv-SE">sv-SE.com_bfquiz.ini</language>
			<language tag="pl-PL">es-ES.com_bfquiz.ini</language>   
			<language tag="pt-BR">pt-BR.com_bfquiz.ini</language>   
			<language tag="it-IT">it-IT.com_bfquiz.ini</language>
			<language tag="hr-HR">hr-HR.com_bfquiz.ini</language>
		</languages>
        
    </administration>
         
    <install>
        <sql><file driver="mysql" charset="utf8">install.sql</file></sql>
    </install>
       
    <uninstall>
        <sql><file driver="mysql" charset="utf8">uninstall.sql</file></sql>
    </uninstall>     
</install>