<?xml version="1.0" encoding="utf-8"?>
<extension type="module" version="2.5.0" method="upgrade" client="site">
	<name>Slick Slider</name>
	<author>Tim Plummer</author>
	<creationDate>September 2016</creationDate>
	<copyright>Copyright (C) 2016 Tim Plummer / TamlynSoftware.com</copyright>
	<license>GNU GPLv3 - http://www.gnu.org/licenses/gpl.html</license>
	<authorEmail>tim@tamlynsoftware.com</authorEmail>
	<authorUrl>www.tamlynsoftware.com</authorUrl>
	<version>1.5.0</version>
	<description>MOD_SLICK_DESCRIPTION</description>
	<files>
		<file module="mod_slick">mod_slick.php</file>
	</files>
	<languages folder="language">
		<language tag="en-GB">en-GB/en-GB.mod_slick.ini</language>
		<language tag="en-GB">en-GB/en-GB.mod_slick.sys.ini</language>
	</languages>

	<!-- Media files -->
	<media destination="mod_slick" folder="media">
		<folder>css</folder>
		<folder>js</folder>
		<folder>images</folder>
		<folder>fonts</folder>
	</media>

	<updateservers>    
    	<server type="extension" priority="1"
	        name="Slick Slider"><![CDATA[http://www.tamlynsoftware.com/index.php?option=com_ars&view=update&task=stream&format=xml&id=7]]>
	    </server>
	</updateservers>

	<config>
		<fields name="params">
			<fieldset name="basic" tabindex="1">
				<field name="note1" type="note" class="alert alert-info" label="MOD_SLICK_NOTE1_LABEL"
					   description="MOD_SLICK_NOTE1_DESC"/>
			</fieldset>

			<fieldset name="images" tabindex="2" addfieldpath="/modules/mod_slick/fields">

				<field name="note2" type="note" class="alert alert-info" label="MOD_SLICK_NOTE2_LABEL"
					   description="MOD_SLICK_NOTE2_DESC"/>

				<field name="imageFolder"
					   type="folderlist"
					   label="Select a folder"
					   directory="images"
					   hide_default="true"/>

				<field type="spacer" name="myspacer1" hr="true"/>

				<field name="image1" type="media" directory=""
					   hide_none="1" label="MOD_SLICK_FIELD_IMAGE_LABEL"
					   size="40"
					   description="MOD_SLICK_FIELD_IMAGE_DESC"/>

				<field
						name="image1url"
						type="url"
						class="inputbox"
						filter="url"
						label="MOD_SLICK_FIELD_URL_LABEL"
						description="MOD_SLICK_FIELD_URL_DESC"
						validate="url"/>

				<field name="image1title" type="text" class="inputbox"
					   size="40" label="MOD_SLICK_FIELD_NAME_LABEL"
					   description="MOD_SLICK_FIELD_NAME_DESC"/>				   

				<field type="spacer" name="myspacer2" hr="true"/>

				<field name="image2" type="media" directory=""
					   hide_none="1" label="MOD_SLICK_FIELD_IMAGE_LABEL"
					   size="40"
					   description="MOD_SLICK_FIELD_IMAGE_DESC"/>

				<field
						name="image2url"
						type="url"
						class="inputbox"
						filter="url"
						label="MOD_SLICK_FIELD_URL_LABEL"
						description="MOD_SLICK_FIELD_URL_DESC"
						validate="url"/>

				<field name="image2title" type="text" class="inputbox"
					   size="40" label="MOD_SLICK_FIELD_NAME_LABEL"
					   description="MOD_SLICK_FIELD_NAME_DESC"/>					   

				<field type="spacer" name="myspacer3" hr="true"/>

				<field name="image3" type="media" directory=""
					   hide_none="1" label="MOD_SLICK_FIELD_IMAGE_LABEL"
					   size="40"
					   description="MOD_SLICK_FIELD_IMAGE_DESC"/>

				<field
						name="image3url"
						type="url"
						class="inputbox"
						filter="url"
						label="MOD_SLICK_FIELD_URL_LABEL"
						description="MOD_SLICK_FIELD_URL_DESC"
						validate="url"/>

				<field name="image3title" type="text" class="inputbox"
					   size="40" label="MOD_SLICK_FIELD_NAME_LABEL"
					   description="MOD_SLICK_FIELD_NAME_DESC"/>

				<field type="spacer" name="myspacer4" hr="true"/>

				<field name="image4" type="media" directory=""
					   hide_none="1" label="MOD_SLICK_FIELD_IMAGE_LABEL"
					   size="40"
					   description="MOD_SLICK_FIELD_IMAGE_DESC"/>

				<field
						name="image4url"
						type="url"
						class="inputbox"
						filter="url"
						label="MOD_SLICK_FIELD_URL_LABEL"
						description="MOD_SLICK_FIELD_URL_DESC"
						validate="url"/>
					   
				<field name="image4title" type="text" class="inputbox"
					   size="40" label="MOD_SLICK_FIELD_NAME_LABEL"
					   description="MOD_SLICK_FIELD_NAME_DESC"/>

				<field type="spacer" name="myspacer5" hr="true"/>

				<field name="image5" type="media" directory=""
					   hide_none="1" label="MOD_SLICK_FIELD_IMAGE_LABEL"
					   size="40"
					   description="MOD_SLICK_FIELD_IMAGE_DESC"/>

				<field
						name="image5url"
						type="url"
						class="inputbox"
						filter="url"
						label="MOD_SLICK_FIELD_URL_LABEL"
						description="MOD_SLICK_FIELD_URL_DESC"
						validate="url"/>

				<field name="image5title" type="text" class="inputbox"
					   size="40" label="MOD_SLICK_FIELD_NAME_LABEL"
					   description="MOD_SLICK_FIELD_NAME_DESC"/>

				<field type="spacer" name="myspacer6" hr="true"/>

				<field name="image6" type="media" directory=""
					   hide_none="1" label="MOD_SLICK_FIELD_IMAGE_LABEL"
					   size="40"
					   description="MOD_SLICK_FIELD_IMAGE_DESC"/>

				<field
						name="image6url"
						type="url"
						class="inputbox"
						filter="url"
						label="MOD_SLICK_FIELD_URL_LABEL"
						description="MOD_SLICK_FIELD_URL_DESC"
						validate="url"/>

				<field name="image6title" type="text" class="inputbox"
					   size="40" label="MOD_SLICK_FIELD_NAME_LABEL"
					   description="MOD_SLICK_FIELD_NAME_DESC"/>

				<field type="spacer" name="myspacer7" hr="true"/>

				<field name="image7" type="media" directory=""
					   hide_none="1" label="MOD_SLICK_FIELD_IMAGE_LABEL"
					   size="40"
					   description="MOD_SLICK_FIELD_IMAGE_DESC"/>

				<field
						name="image7url"
						type="url"
						class="inputbox"
						filter="url"
						label="MOD_SLICK_FIELD_URL_LABEL"
						description="MOD_SLICK_FIELD_URL_DESC"
						validate="url"/>

				<field name="image7title" type="text" class="inputbox"
					   size="40" label="MOD_SLICK_FIELD_NAME_LABEL"
					   description="MOD_SLICK_FIELD_NAME_DESC"/>

				<field type="spacer" name="myspacer8" hr="true"/>

				<field name="image8" type="media" directory=""
					   hide_none="1" label="MOD_SLICK_FIELD_IMAGE_LABEL"
					   size="40"
					   description="MOD_SLICK_FIELD_IMAGE_DESC"/>

				<field name="image8url"
					   type="url"
					   class="inputbox"
					   filter="url"
					   label="MOD_SLICK_FIELD_URL_LABEL"
					   description="MOD_SLICK_FIELD_URL_DESC"
					   validate="url"/>

				<field name="image8title" type="text" class="inputbox"
					   size="40" label="MOD_SLICK_FIELD_NAME_LABEL"
					   description="MOD_SLICK_FIELD_NAME_DESC"/>

				<field type="spacer" name="myspacer9" hr="true"/>

				<field name="image9" type="media" directory=""
					   hide_none="1" label="MOD_SLICK_FIELD_IMAGE_LABEL"
					   size="40"
					   description="MOD_SLICK_FIELD_IMAGE_DESC"/>

				<field
						name="image9url"
						type="url"
						class="inputbox"
						filter="url"
						label="MOD_SLICK_FIELD_URL_LABEL"
						description="MOD_SLICK_FIELD_URL_DESC"
						validate="url"/>

				<field name="image9title" type="text" class="inputbox"
					   size="40" label="MOD_SLICK_FIELD_NAME_LABEL"
					   description="MOD_SLICK_FIELD_NAME_DESC"/>

				<field type="spacer" name="myspacer10" hr="true"/>

				<field name="image10" type="media" directory=""
					   hide_none="1" label="MOD_SLICK_FIELD_IMAGE_LABEL"
					   size="40"
					   description="MOD_SLICK_FIELD_IMAGE_DESC"/>

				<field
						name="image10url"
						type="url"
						class="inputbox"
						filter="url"
						label="MOD_SLICK_FIELD_URL_LABEL"
						description="MOD_SLICK_FIELD_URL_DESC"
						validate="url"/>

				<field name="image10title" type="text" class="inputbox"
					   size="40" label="MOD_SLICK_FIELD_NAME_LABEL"
					   description="MOD_SLICK_FIELD_NAME_DESC"/>
					   
				<field type="spacer" name="myspacer10" hr="true"/>
				<field type="spacer" name="myspacer10" hr="true"/>
				
				<field
						name="jsondatasource"
						type="url"
						class="inputbox"
						filter="url"
						label="MOD_SLICK_FIELD_JSONDATASOURCE_LABEL"
						description="MOD_SLICK_FIELD_JSONDATASOURCE_DESC"
						validate="url"
						size="150"/>
						
				<field name="jsonimage" type="text" class="inputbox"
					   size="40" label="MOD_SLICK_FIELD_JSONIMAGE_LABEL"/>
					   
				<field name="jsontitle" type="text" class="inputbox"
					   size="40" label="MOD_SLICK_FIELD_JSONTITLE_LABEL"/>
					   
				<field name="jsonurl" type="text" class="inputbox"
					   size="40" label="MOD_SLICK_FIELD_JSONURL_LABEL"/>   

			</fieldset>
			
			<fieldset name="textonly" tabindex="3">

				<field name="textBackgroundColour"
					   type="color"
					   size="40"
					   label="MOD_SLICK_FIELD_BACKGROUND_COLOR_LABEL"
					   description="MOD_SLICK_FIELD_BACKGROUND_COLOR_DESC"
					   default="#2d2d35"
				/>
				
				<field name="textColour"
					   type="color"
					   size="40"
					   label="MOD_SLICK_FIELD_TEXT_COLOR_LABEL"
					   description="MOD_SLICK_FIELD_TEXT_COLOR_DESC"
					   default="#fff"
				/>				
					   
				<field name="textHeight"
					   type="text"
					   class="inputbox"
					   size="40"
					   label="MOD_SLICK_FIELD_TEXTHEIGHT_LABEL"
					   description="MOD_SLICK_FIELD_TEXTHEIGHT_DESC"
					   default="250"
					   filter="integer"/>
					   
  				<field name="textPaddingTop"
					   type="text"
					   class="inputbox"
					   size="40"
					   label="MOD_SLICK_FIELD_TEXTTOPPADDING_LABEL"
					   description="MOD_SLICK_FIELD_TEXTTOPPADDING_DESC"
					   default="15"
					   filter="integer"/>
					   
  				<field name="textPaddingLeft"
					   type="text"
					   class="inputbox"
					   size="40"
					   label="MOD_SLICK_FIELD_TEXTLEFTPADDING_LABEL"
					   description="MOD_SLICK_FIELD_TEXTLEFTPADDING_DESC"
					   default="15"
					   filter="integer"/>
					   
  				<field name="textPaddingRight"
					   type="text"
					   class="inputbox"
					   size="40"
					   label="MOD_SLICK_FIELD_TEXTRIGHTPADDING_LABEL"
					   description="MOD_SLICK_FIELD_TEXTRIGHTPADDING_DESC"
					   default="15"
					   filter="integer"/>					   					   
					   
				<field name="image1text" type="editor"
					   label="MOD_SLICK_FIELD_TEXT_LABEL"
					   description="MOD_SLICK_FIELD_TEXT_DESC"
					   filter="raw"/>	
					   					   
				<field name="image2text" type="editor"
					   label="MOD_SLICK_FIELD_TEXT_LABEL"
					   description="MOD_SLICK_FIELD_TEXT_DESC"
					   filter="raw"/>
					   
				<field name="image3text" type="editor"
					   label="MOD_SLICK_FIELD_TEXT_LABEL"
					   description="MOD_SLICK_FIELD_TEXT_DESC"
					   filter="raw"/>

				<field name="image4text" type="editor"
					   label="MOD_SLICK_FIELD_TEXT_LABEL"
					   description="MOD_SLICK_FIELD_TEXT_DESC"
					   filter="raw"/>

				<field name="image5text" type="editor"
					   label="MOD_SLICK_FIELD_TEXT_LABEL"
					   description="MOD_SLICK_FIELD_TEXT_DESC"
					   filter="raw"/>
					   
				<field name="image6text" type="editor"
					   label="MOD_SLICK_FIELD_TEXT_LABEL"
					   description="MOD_SLICK_FIELD_TEXT_DESC"
					   filter="raw"/>
					   
				<field name="image7text" type="editor"
					   label="MOD_SLICK_FIELD_TEXT_LABEL"
					   description="MOD_SLICK_FIELD_TEXT_DESC"
					   filter="raw"/>
					   
				<field name="image8text" type="editor"
					   label="MOD_SLICK_FIELD_TEXT_LABEL"
					   description="MOD_SLICK_FIELD_TEXT_DESC"
					   filter="raw"/>
					   
				<field name="image9text" type="editor"
					   label="MOD_SLICK_FIELD_TEXT_LABEL"
					   description="MOD_SLICK_FIELD_TEXT_DESC"
					   filter="raw"/>
					   			
				<field name="image10text" type="editor"
					   label="MOD_SLICK_FIELD_TEXT_LABEL"
					   description="MOD_SLICK_FIELD_TEXT_DESC"
					   filter="raw"/>			
			
			</fieldset>

			<fieldset name="options" tabindex="4">

				<field name="slidesToShow"
					   type="text"
					   class="inputbox"
					   size="40"
					   label="MOD_SLICK_FIELD_SLIDESTOSHOW_LABEL"
					   description="MOD_SLICK_FIELD_SLIDESTOSHOW_DESC"
					   default="3"
					   filter="integer"/>

				<field name="slidesToScroll"
					   type="text"
					   class="inputbox"
					   size="40"
					   label="MOD_SLICK_FIELD_SLIDESTOSCROLL_LABEL"
					   description="MOD_SLICK_FIELD_SLIDESTOSCROLL_DESC"
					   default="3"
					   filter="integer"/>

				<field name="centerMode"
					   type="radio"
					   class="btn-group btn-group-yesno"
					   default="0"
					   label="MOD_SLICK_FIELD_CENTERMODE_LABEL"
					   description="MOD_SLICK_FIELD_CENTERMODE_DESC"
				>
					<option value="1">JYES</option>
					<option value="0">JNO</option>
				</field>

				<field name="autoplay"
					   type="radio"
					   class="btn-group btn-group-yesno"
					   default="1"
					   label="MOD_SLICK_FIELD_AUTOPLAY_LABEL"
					   description="MOD_SLICK_FIELD_AUTOPLAY_DESC"
				>
					<option value="1">JYES</option>
					<option value="0">JNO</option>
				</field>


				<field name="autoplaySpeed"
					   type="text"
					   class="inputbox"
					   size="40"
					   label="MOD_SLICK_FIELD_AUTOPLAYSPEED_LABEL"
					   description="MOD_SLICK_FIELD_AUTOPLAYSPEED_DESC"
					   default="2000"
					   filter="integer"/>

				<field name="arrows"
					   type="radio"
					   class="btn-group btn-group-yesno"
					   default="1"
					   label="MOD_SLICK_FIELD_ARROWS_LABEL"
					   description="MOD_SLICK_FIELD_ARROWS_DESC"
				>
					<option value="1">JYES</option>
					<option value="0">JNO</option>
				</field>

				<field name="showArrowOnHover"
					   type="radio"
					   class="btn-group btn-group-yesno"
					   default="1"
					   label="MOD_SLICK_FIELD_SHOW_ARROW_ON_HOVER_LABEL"
					   description="MOD_SLICK_FIELD_SHOW_ARROW_ON_HOVER_DESC"
				>
					<option value="1">JYES</option>
					<option value="0">JNO</option>
				</field>

				<field name="arrowSize"
					   type="text"
					   class="inputbox"
					   size="40"
					   label="MOD_SLICK_FIELD_ARROW_SIZE_LABEL"
					   description="MOD_SLICK_FIELD_ARROW_SIZE_DESC"
					   default="60"
					   filter="integer"/>

				<field name="arrowColor"
					   type="color"
					   size="40"
					   label="MOD_SLICK_FIELD_ARROW_COLOR_LABEL"
					   description="MOD_SLICK_FIELD_ARROW_COLOR_DESC"
					   default="#FFF"
				/>

				<field name="fade"
					   type="radio"
					   class="btn-group btn-group-yesno"
					   default="1"
					   label="MOD_SLICK_FIELD_FADE_LABEL"
					   description="MOD_SLICK_FIELD_FADE_DESC"
				>
					<option value="1">JYES</option>
					<option value="0">JNO</option>
				</field>

				<field name="fadeSpeed"
					   type="text"
					   class="inputbox"
					   size="40"
					   label="MOD_SLICK_FIELD_FADE_SPEED_LABEL"
					   description="MOD_SLICK_FIELD_FADE_SPEED_DESC"
					   default="500"
					   filter="integer"/>

				<field
						name="pauseOnHover"
						type="radio"
						class="btn-group btn-group-yesno"
						default="1"
						label="MOD_SLICK_FIELD_PAUSEONHOVER_LABEL"
						description="MOD_SLICK_FIELD_PAUSEONHOVER_DESC"
				>
					<option value="1">JYES</option>
					<option value="0">JNO</option>
				</field>

				<field
						name="infinite"
						type="radio"
						class="btn-group btn-group-yesno"
						default="1"
						label="MOD_SLICK_FIELD_INFINITE_LABEL"
						description="MOD_SLICK_FIELD_INFINITE_DESC"
				>
					<option value="1">JYES</option>
					<option value="0">JNO</option>
				</field>

				<field
						name="touchMove"
						type="radio"
						class="btn-group btn-group-yesno"
						default="0"
						label="MOD_SLICK_FIELD_TOUCHMOVE_LABEL"
						description="MOD_SLICK_FIELD_TOUCHMOVE_DESC"
				>
					<option value="1">JYES</option>
					<option value="0">JNO</option>
				</field>

				<field
						name="linksNewWindow"
						type="radio"
						class="btn-group btn-group-yesno"
						default="0"
						label="MOD_SLICK_FIELD_LINKS_NEW_WINDOW_LABEL"
						description="MOD_SLICK_FIELD_LINKS_NEW_WINDOW_DESC"
				>
					<option value="1">JYES</option>
					<option value="0">JNO</option>
				</field>

				<field name="showDots"
					   type="radio"
					   class="btn-group btn-group-yesno"
					   default="0"
					   label="MOD_SLICK_FIELD_DOTS_LABEL"
					   description="MOD_SLICK_FIELD_DOTS_DESC"
				>
					<option value="1">JYES</option>
					<option value="0">JNO</option>
				</field>

				<field name="showCaptions"
					   type="radio"
					   class="btn-group btn-group-yesno"
					   default="0"
					   label="MOD_SLICK_FIELD_SHOW_CAPTIONS_LABEL"
					   description="MOD_SLICK_FIELD_SHOW_CAPTIONS_DESC"
				>
					<option value="1">JYES</option>
					<option value="0">JNO</option>
				</field>

				<field name="adaptiveHeight"
					   type="radio"
					   class="btn-group btn-group-yesno"
					   default="0"
					   label="MOD_SLICK_FIELD_ADAPTIVEHEIGHT_LABEL"
					   description="MOD_SLICK_FIELD_ADAPTIVEHEIGHT_DESC"
				>
					<option value="1">JYES</option>
					<option value="0">JNO</option>
				</field>

				<field name="fitImages"
					   type="radio"
					   class="btn-group btn-group-yesno"
					   default="0"
					   label="MOD_SLICK_FIELD_FIT_IMAGES_LABEL"
					   description="MOD_SLICK_FIELD_FIT_IMAGES_DESC"
				>
					<option value="1">JYES</option>
					<option value="0">JNO</option>
				</field>
				
				<field name="breakpoint1"
					   type="text"
					   class="inputbox"
					   size="40"
					   label="MOD_SLICK_FIELD_BREAKPOINT1_LABEL"
					   description="MOD_SLICK_FIELD_BREAKPOINT1_DESC"
					   default="1024"
					   filter="integer"/>				
				
				<field name="slidesToShowBreakpoint1"
					   type="text"
					   class="inputbox"
					   size="40"
					   label="MOD_SLICK_FIELD_SLIDESTOSHOW_BREAKPOINT1_LABEL"
					   description="MOD_SLICK_FIELD_SLIDESTOSHOW_BREAKPOINT1_DESC"
					   default="3"
					   filter="integer"/>

				<field name="slidesToScrollBreakpoint1"
					   type="text"
					   class="inputbox"
					   size="40"
					   label="MOD_SLICK_FIELD_SLIDESTOSCROLL_BREAKPOINT1_LABEL"
					   description="MOD_SLICK_FIELD_SLIDESTOSCROLL_BREAKPOINT1_DESC"
					   default="3"
					   filter="integer"/>
					   
				<field name="breakpoint2"
					   type="text"
					   class="inputbox"
					   size="40"
					   label="MOD_SLICK_FIELD_BREAKPOINT2_LABEL"
					   description="MOD_SLICK_FIELD_BREAKPOINT2_DESC"
					   default="600"
					   filter="integer"/>

				<field name="slidesToShowBreakpoint2"
					   type="text"
					   class="inputbox"
					   size="40"
					   label="MOD_SLICK_FIELD_SLIDESTOSHOW_BREAKPOINT2_LABEL"
					   description="MOD_SLICK_FIELD_SLIDESTOSHOW_BREAKPOINT2_DESC"
					   default="3"
					   filter="integer"/>

				<field name="slidesToScrollBreakpoint2"
					   type="text"
					   class="inputbox"
					   size="40"
					   label="MOD_SLICK_FIELD_SLIDESTOSCROLL_BREAKPOINT2_LABEL"
					   description="MOD_SLICK_FIELD_SLIDESTOSCROLL_BREAKPOINT2_DESC"
					   default="3"
					   filter="integer"/>
					   
				<field name="breakpoint3"
					   type="text"
					   class="inputbox"
					   size="40"
					   label="MOD_SLICK_FIELD_BREAKPOINT3_LABEL"
					   description="MOD_SLICK_FIELD_BREAKPOINT3_DESC"
					   default="480"
					   filter="integer"/>					   
					   
				<field name="slidesToShowBreakpoint3"
					   type="text"
					   class="inputbox"
					   size="40"
					   label="MOD_SLICK_FIELD_SLIDESTOSHOW_BREAKPOINT3_LABEL"
					   description="MOD_SLICK_FIELD_SLIDESTOSHOW_BREAKPOINT3_DESC"
					   default="3"
					   filter="integer"/>

				<field name="slidesToScrollBreakpoint3"
					   type="text"
					   class="inputbox"
					   size="40"
					   label="MOD_SLICK_FIELD_SLIDESTOSCROLL_BREAKPOINT3_LABEL"
					   description="MOD_SLICK_FIELD_SLIDESTOSCROLL_BREAKPOINT3_DESC"
					   default="3"
					   filter="integer"/>					   					   				
				
			</fieldset>
			
			<fieldset name="updates" tabindex="4">
				<field name="downloadid" type="text" default="" size="30"
    				label="MOD_SLICK_FIELD_DOWNLOADID_LABEL"
    				description ="MOD_SLICK_FIELD_DOWNLOADID_DESC" />
			</fieldset>			

			<fieldset name="advanced" tabindex="4">
				<field name="moduleclass_sfx"
					   type="text"
					   default=""
					   label="MOD_SLICK_SUFFIX_LABEL"
					   description="MOD_SLICK_SUFFIX_DESC"/>
			</fieldset>

		</fields>
	</config>
</extension>