<?xml version="1.0" encoding="utf-8"?>
<!-- $Id: com_bfsurvey_pro.xml 4 2012-01-09 12:57:12Z tuum $ -->
<!DOCTYPE install SYSTEM "http://dev.joomla.org/xml/1.5/component-install.dtd">
<install type="component" version="1.5" method="upgrade"> 
    <name>BFSurvey_Pro</name> 
    <creationDate>January 2012</creationDate> 
    <author>http://www.tamlyncreative.com.au/software/</author> 
    <authorEmail>tim@tamlyncreative.com.au</authorEmail>
    <authorUrl>http://www.tamlyncreative.com.au/software/</authorUrl>
    <copyright>Copyright (c) 2011 - Tamlyn Creative Pty Ltd</copyright>
    <license>GNU GPL</license>
    <version>1.4.5.1</version>
    <description>BF Survey Pro is a Joomla 1.5.x component that allows you to create custom surveys.
    </description>
    <installfile>install.bfsurvey_pro.php</installfile>
    <uninstallfile>uninstall.bfsurvey_pro.php</uninstallfile>

    <install>
        <sql><file driver="mysql" charset="utf8">install.sql</file></sql>
    </install>
       
    <uninstall>
        <sql><file driver="mysql" charset="utf8">uninstall.sql</file></sql>
    </uninstall>  

    <files folder="component">
        <filename>index.html</filename>
        <filename>bfsurvey_pro.php</filename>
        <filename>controller.php</filename>
        <filename>excelexport.php</filename>
        <filename>views/index.html</filename>
        
        <filename>views/attachment/index.html</filename>
        <filename>views/attachment/view.html.php</filename>
        <filename>views/attachment/metadata.xml</filename>
        <filename>views/attachment/tmpl/index.html</filename>
        <filename>views/attachment/tmpl/default.php</filename>          
 
        <filename>views/bfsurveypro/index.html</filename>
        <filename>views/bfsurveypro/view.html.php</filename>
        <filename>views/bfsurveypro/metadata.xml</filename>
        <filename>views/bfsurveypro/tmpl/index.html</filename>
        <filename>views/bfsurveypro/tmpl/default.php</filename>
        <filename>views/bfsurveypro/tmpl/default.xml</filename>  
        
        <filename>views/sayg/index.html</filename>
        <filename>views/sayg/view.html.php</filename>
        <filename>views/sayg/metadata.xml</filename>
        <filename>views/sayg/tmpl/index.html</filename>
        <filename>views/sayg/tmpl/default.php</filename>
        <filename>views/sayg/tmpl/default.xml</filename>         
        
        <filename>views/onepage/index.html</filename>
        <filename>views/onepage/view.html.php</filename>
        <filename>views/onepage/metadata.xml</filename>
        <filename>views/onepage/tmpl/index.html</filename>
        <filename>views/onepage/tmpl/default.php</filename>
        <filename>views/onepage/tmpl/default.xml</filename>  
        
        <filename>views/list/index.html</filename>
        <filename>views/list/view.html.php</filename>
        <filename>views/list/metadata.xml</filename>
        <filename>views/list/tmpl/index.html</filename>
        <filename>views/list/tmpl/default.php</filename>
        <filename>views/list/tmpl/default.xml</filename>
        
        <filename>views/stats/index.html</filename>
        <filename>views/stats/view.html.php</filename>
        <filename>views/stats/metadata.xml</filename>
        <filename>views/stats/tmpl/index.html</filename>
        <filename>views/stats/tmpl/default.php</filename>
        <filename>views/stats/tmpl/default.xml</filename>        
 
        <filename>views/mysurveys/index.html</filename>
        <filename>views/mysurveys/view.html.php</filename>
        <filename>views/mysurveys/metadata.xml</filename>
        <filename>views/mysurveys/tmpl/index.html</filename>
        <filename>views/mysurveys/tmpl/default.php</filename>
        <filename>views/mysurveys/tmpl/default.xml</filename> 
        
        <filename>views/edit/index.html</filename>
        <filename>views/edit/view.html.php</filename>
        <filename>views/edit/metadata.xml</filename>
        <filename>views/edit/tmpl/index.html</filename>
        <filename>views/edit/tmpl/default.php</filename>        
 
        <filename>models/index.html</filename>
        <filename>models/bfsurveypro.php</filename>
        <filename>models/stats.php</filename>
        <filename>models/sayg.php</filename>
        <filename>models/onepage.php</filename>
        
        <filename>css/style.css</filename>
        <filename>css/index.html</filename>
        <filename>helpers/index.html</filename>
        <filename>helpers/media.php</filename>
    </files>
    
    <languages folder="languages">
	   <language tag="en-GB">en-GB.com_bfsurvey_pro.ini</language>
	   <language tag="nl-NL">nl-NL.com_bfsurvey_pro.ini</language>
	   <language tag="el-GR">el-GR.com_bfsurvey_pro.ini</language>
	   <language tag="de-DE">de-DE.com_bfsurvey_pro.ini</language>
	   <language tag="nb-NO">nb-NO.com_bfsurvey_pro.ini</language>
	   <language tag="pt-PT">pt-PT.com_bfsurvey_pro.ini</language>
	   <language tag="fr-FR">fr-FR.com_bfsurvey_pro.ini</language>
	   <language tag="pl-PL">pl-PL.com_bfsurvey_pro.ini</language>
	   <language tag="sv-SE">sv-SE.com_bfsurvey_pro.ini</language>
	   <language tag="es-ES">es-ES.com_bfsurvey_pro.ini</language>   
	   <language tag="pt-BR">pt-BR.com_bfsurvey_pro.ini</language>
	   <language tag="sk-SK">sk-SK.com_bfsurvey_pro.ini</language>
	   <language tag="hu-HU">hu-HU.com_bfsurvey_pro.ini</language>
	   <language tag="it-IT">it-IT.com_bfsurvey_pro.ini</language>
	   <language tag="ru-RU">ru-RU.com_bfsurvey_pro.ini</language>
    </languages>    

    <administration>
        <menu img="./components/com_bfsurvey_pro/images/bfsurvey.png">BF Survey Pro</menu>
        <submenu>
	   <menu link="option=com_bfsurvey_pro&amp;controller=controller" img="js/ThemeOffice/component.png">Questions</menu>
	   <menu link="option=com_categories&amp;section=com_bfsurvey_pro" img="js/ThemeOffice/component.png">Categories</menu>
	   <menu link="option=com_bfsurvey_pro&amp;task=category" img="js/ThemeOffice/component.png">Report</menu>
	   <menu link="option=com_bfsurvey_pro&amp;task=stats" img="js/ThemeOffice/component.png">Stats</menu>
	   <menu link="option=com_bfsurvey_pro&amp;controller=resultscategory&amp;task=resultscategory" img="js/ThemeOffice/component.png">Results</menu>
	   <menu link="option=com_bfsurvey_pro&amp;controller=emailtemplate&amp;task=emailtemplate" img="js/ThemeOffice/component.png">Email Template</menu>
	   <menu link="option=com_bfsurvey_pro&amp;task=maintenance" img="js/ThemeOffice/component.png">Maintenance</menu>
        </submenu>
  
        <files folder="admin">
            <filename>index.html</filename>
            <filename>admin.bfsurvey_pro.php</filename>
            <filename>controller.php</filename>
            <filename>config.xml</filename>
            <filename>excelexport.php</filename>
            <filename>mysqlexport.php</filename>
            
            <filename>controllers/index.html</filename>
            <filename>controllers/emailitem.php</filename>
            <filename>controllers/emailtemplate.php</filename>
            <filename>controllers/results.php</filename>
            <filename>controllers/resultscategory.php</filename>
            <filename>controllers/response.php</filename>
            <filename>css/bfsurvey.css</filename>
            <filename>css/index.html</filename>
	    
            <filename>elements/bfsurveypro.php</filename>
            <filename>elements/index.html</filename>
	    
            <filename>helpers/index.html</filename>
            <filename>helpers/helper.php</filename>
            <filename>images/index.html</filename>
            <filename>images/bfsurvey.png</filename>
            <filename>images/bflogo.jpg</filename>
            <filename>images/bftick.jpg</filename>
            <filename>images/con_info.png</filename>
            <filename>images/mandatory.gif</filename>
	    
            <filename>models/index.html</filename>
            <filename>models/bfsurvey_pro.php</filename>
            <filename>models/emailitem.php</filename>
            <filename>models/emailtemplate.php</filename>
            <filename>models/question.php</filename>
            <filename>models/results.php</filename>
            <filename>models/stats.php</filename>
            <filename>models/response.php</filename>
	    
            <filename>tables/index.html</filename>
            <filename>tables/emailitem.php</filename>
            <filename>tables/question.php</filename>
	    
            <filename>views/index.html</filename>
	    
            <filename>views/bfsurvey_pro/index.html</filename>
            <filename>views/bfsurvey_pro/view.html.php</filename>
            <filename>views/bfsurvey_pro/tmpl/index.html</filename>
            <filename>views/bfsurvey_pro/tmpl/default.php</filename>
	    
            <filename>views/category/index.html</filename>
            <filename>views/category/view.html.php</filename>
            <filename>views/category/tmpl/index.html</filename>
            <filename>views/category/tmpl/default.php</filename>	    

            <filename>views/emailitem/index.html</filename>
            <filename>views/emailitem/view.html.php</filename>
            <filename>views/emailitem/tmpl/index.html</filename>
            <filename>views/emailitem/tmpl/form.php</filename>
            
            <filename>views/emailtemplate/index.html</filename>
            <filename>views/emailtemplate/view.html.php</filename>
            <filename>views/emailtemplate/tmpl/index.html</filename>
            <filename>views/emailtemplate/tmpl/default.php</filename>            
	    
            <filename>views/report/index.html</filename>
            <filename>views/report/view.html.php</filename>
            <filename>views/report/tmpl/index.html</filename>
            <filename>views/report/tmpl/default.php</filename>  
	    
            <filename>views/question/index.html</filename>
            <filename>views/question/view.html.php</filename>
            <filename>views/question/tmpl/index.html</filename>
            <filename>views/question/tmpl/form.php</filename>

            <filename>views/stats/index.html</filename>
            <filename>views/stats/view.html.php</filename>
            <filename>views/stats/tmpl/index.html</filename>
            <filename>views/stats/tmpl/default.php</filename>	    

            <filename>views/statscategory/index.html</filename>
            <filename>views/statscategory/view.html.php</filename>
            <filename>views/statscategory/tmpl/index.html</filename>
            <filename>views/statscategory/tmpl/default.php</filename>
	    
            <filename>views/results/index.html</filename>
            <filename>views/results/view.html.php</filename>
            <filename>views/results/tmpl/index.html</filename>
            <filename>views/results/tmpl/default.php</filename>  
	    
            <filename>views/resultscategory/index.html</filename>
            <filename>views/resultscategory/view.html.php</filename>
            <filename>views/resultscategory/tmpl/index.html</filename>
            <filename>views/resultscategory/tmpl/default.php</filename> 
            
            <filename>views/response/index.html</filename>
            <filename>views/response/view.html.php</filename>
            <filename>views/response/tmpl/index.html</filename>
            <filename>views/response/tmpl/response.php</filename>             	    	    
	    
            <filename>views/csvexport/index.html</filename>
            <filename>views/csvexport/view.html.php</filename>
            <filename>views/csvexport/tmpl/index.html</filename>
            <filename>views/csvexport/tmpl/default.php</filename> 
            
            <filename>views/maintenance/index.html</filename>
            <filename>views/maintenance/view.html.php</filename>
            <filename>views/maintenance/tmpl/index.html</filename>
            <filename>views/maintenance/tmpl/default.php</filename>             
	    
            <filename>install.sql</filename>
            <filename>uninstall.sql</filename>

        </files>

		<languages folder="languages">
	   		<language tag="en-GB">en-GB.com_bfsurvey_pro.ini</language>
	   		<language tag="en-GB">en-GB.com_bfsurvey_pro.menu.ini</language>
	   		<language tag="nl-NL">nl-NL.com_bfsurvey_pro.ini</language>
	   		<language tag="el-GR">el-GR.com_bfsurvey_pro.ini</language>
	   		<language tag="de-DE">de-DE.com_bfsurvey_pro.ini</language>
	   		<language tag="nb-NO">nb-NO.com_bfsurvey_pro.ini</language>
	   		<language tag="pt-PT">pt-PT.com_bfsurvey_pro.ini</language>
	   		<language tag="fr-FR">fr-FR.com_bfsurvey_pro.ini</language>
	   		<language tag="pl-PL">pl-PL.com_bfsurvey_pro.ini</language>
	   		<language tag="sv-SE">sv-SE.com_bfsurvey_pro.ini</language>
	   		<language tag="es-ES">es-ES.com_bfsurvey_pro.ini</language> 
	   		<language tag="en-GB">es-ES.com_bfsurvey_pro.menu.ini</language>
	   		<language tag="pt-BR">pt-BR.com_bfsurvey_pro.ini</language>
	   		<language tag="sk-SK">sk-SK.com_bfsurvey_pro.ini</language>
	   		<language tag="hu-HU">hu-HU.com_bfsurvey_pro.ini</language>
	   		<language tag="it-IT">it-IT.com_bfsurvey_pro.ini</language>
			<language tag="ru-RU">ru-RU.com_bfsurvey_pro.ini</language>
	   		<language tag="ru-RU">ru-RU.com_bfsurvey_pro.menu.ini</language>     
    	</languages>   
        
    </administration>
            
</install>