<?xml version="1.0" encoding="utf-8"?>
<!-- $Id: com_bfauction_plus.xml 104 2015-04-29 02:04:39Z tuum $ -->
<extension type="component" version="1.6" method="upgrade">
    <name>COM_BFAUCTION_PLUS</name>
    <creationDate>November 2015</creationDate>
    <author>Tim Plummer</author>
    <authorEmail>tim@tamlynsoftware.com</authorEmail>
    <authorUrl>http://www.tamlynsoftware.com/</authorUrl>
    <copyright>Copyright (c) 2015 - Tamlyn Software</copyright>
    <license>GNU GPL</license>
    <version>1.8.3</version>
    <description>BF Auction Plus is a 2.5.x/3.x component that allows you to run your own auctions.</description>

    <scriptfile>file.script.php</scriptfile>

    <install>
	    <sql>
			<file driver="mysql" charset="utf8">sql/install.mysql.utf8.sql</file>
			<file driver="sqlsrv" charset="utf8">sql/install.sqlsrv.utf8.sql</file>
        </sql>
    </install>

    <uninstall>
        <sql>
        	<file driver="mysql" charset="utf8">sql/install.mysql.utf8.sql</file>
        	<file driver="sqlsrv" charset="utf8">sql/uninstall.sqlsrv.utf8.sql</file>
        </sql>
    </uninstall>

	<update>
		<schemas>
			<schemapath type="mysql">sql/updates/mysql</schemapath>
			<schemapath type="sqlsrv">sql/updates/sqlsrv</schemapath>
		</schemas>
	</update>

    <files folder="frontend">
	    <filename>index.html</filename>
	    <filename>controller.php</filename>
	    <filename>bfauction_plus.php</filename>
	    <filename>komento_plugin.php</filename>
	    <filename>router.php</filename>
	    <filename>router.j25.php</filename>

	   	<folder>assets</folder>
        <folder>controllers</folder>
        <folder>helpers</folder>
        <folder>images</folder>
		<folder>models</folder>
		<folder>views</folder>
		<folder>css</folder>

	    <filename>lib/index.html</filename>
	    <folder>lib/lytebox</folder>
	    <folder>lib/lytebox/images</folder>
    </files>

    <languages folder="languages">
		<language tag="da-DK">da-DK.com_bfauction_plus.ini</language>
    	<language tag="en-GB">en-GB.com_bfauction_plus.ini</language>
    	<language tag="es-ES">es-ES.com_bfauction_plus.ini</language>
    	<language tag="pt-BR">pt-BR.com_bfauction_plus.ini</language>
    	<language tag="sk-SK">sk-SK.com_bfauction_plus.ini</language>
    	<language tag="jp-JP">jp-JP.com_bfauction_plus.ini</language>
    	<language tag="fi-FI">fi-FI.com_bfauction_plus.ini</language>
    	<language tag="pl-PL">pl-PL.com_bfauction_plus.ini</language>
    	<language tag="ro-RO">ro-RO.com_bfauction_plus.ini</language>
    	<language tag="nl-NL">nl-NL.com_bfauction_plus.ini</language>
    	<language tag="fr-FR">fr-FR.com_bfauction_plus.ini</language>
    	<language tag="hu-HU">hu-HU.com_bfauction_plus.ini</language>
    	<language tag="de-DE">de-DE.com_bfauction_plus.ini</language>
    	<language tag="cs-CZ">cs-CZ.com_bfauction_plus.ini</language>
    	<language tag="it-IT">it-IT.com_bfauction_plus.ini</language>
    	<language tag="ru-RU">ru-RU.com_bfauction_plus.ini</language>
    	<language tag="pt-PT">pt-PT.com_bfauction_plus.ini</language>
    	<language tag="tr-TR">tr-TR.com_bfauction_plus.ini</language>
    	<language tag="sl-SI">sl-SI.com_bfauction_plus.ini</language>
    	<language tag="sv-SE">sv-SE.com_bfauction_plus.ini</language>
    </languages>

	<media destination="com_bfauction_plus" folder="media">
		<folder>images</folder>
		<filename>index.html</filename>
	</media>

    <administration>
        <menu img="./components/com_bfauction_plus/images/bftick.png">COM_BFAUCTION_PLUS_MENU_BFAUCTIONPLUS</menu>
		<submenu>
	   		<menu link="option=com_bfauction_plus" img="class:article">COM_BFAUCTION_PLUS_MENU_ITEMS</menu>
	   		<menu link="option=com_categories&amp;extension=com_bfauction_plus" img="class:category">COM_BFAUCTION_PLUS_MENU_CATEGORIES</menu>
	   		<menu link="option=com_bfauction_plus&amp;view=emailitems" img="class:messages">COM_BFAUCTION_PLUS_MENU_EMAIL_TEMPLATE</menu>
	   		<menu link="option=com_bfauction_plus&amp;view=help" img="class:help">COM_BFAUCTION_PLUS_MENU_HELP</menu>
	   		<!-- <menu link="option=com_bfauction_plus&amp;view=plugins" img="class:plugin">COM_BFAUCTION_PLUS_MENU_PAYMENT_PLUGINS</menu>  -->
        </submenu>

        <files folder="backend">
	    <filename>index.html</filename>
	    <filename>bfauction_plus.php</filename>
	    <filename>controller.php</filename>
	    <filename>config.xml</filename>
	    <filename>excelexport.php</filename>
	    <filename>access.xml</filename>
	    <filename>legacy.php</filename>

	    <folder>controllers</folder>
	    <folder>css</folder>
	    <folder>tables</folder>
	    <folder>models</folder>
	    <folder>elements</folder>
	    <folder>fields</folder>
	    <folder>helpers</folder>
	    <folder>images</folder>
	    <folder>liveupdate</folder>
		<folder>views</folder>
	    <folder>sql</folder>

        </files>

        <languages folder="languages">
        <language tag="da-DK">da-DK.com_bfauction_plus.ini</language>
	    <language tag="en-GB">en-GB.com_bfauction_plus.ini</language>
	    <language tag="en-GB">en-GB.com_bfauction_plus.sys.ini</language>
	    <language tag="es-ES">es-ES.com_bfauction_plus.ini</language>
	    <language tag="es-ES">es-ES.com_bfauction_plus.sys.ini</language>
	    <language tag="pt-BR">pt-BR.com_bfauction_plus.ini</language>
	    <language tag="sk-SK">sk-SK.com_bfauction_plus.ini</language>
	    <language tag="jp-JP">jp-JP.com_bfauction_plus.ini</language>
	    <language tag="fi-FI">fi-FI.com_bfauction_plus.ini</language>
	    <language tag="pl-PL">pl-PL.com_bfauction_plus.ini</language>
	    <language tag="ro-RO">ro-RO.com_bfauction_plus.ini</language>
	    <language tag="nl-NL">nl-NL.com_bfauction_plus.ini</language>
	    <language tag="fr-FR">fr-FR.com_bfauction_plus.ini</language>
	    <language tag="hu-HU">hu-HU.com_bfauction_plus.ini</language>
	    <language tag="de-DE">de-DE.com_bfauction_plus.ini</language>
	    <language tag="cs-CZ">cs-CZ.com_bfauction_plus.ini</language>
	    <language tag="it-IT">it-IT.com_bfauction_plus.ini</language>
	    <language tag="ru-RU">ru-RU.com_bfauction_plus.ini</language>
	    <language tag="ru-RU">ru-RU.com_bfauction_plus.sys.ini</language>
	    <language tag="pt-PT">pt-PT.com_bfauction_plus.ini</language>
	    <language tag="pt-PT">pt-PT.com_bfauction_plus.sys.ini</language>
	    <language tag="tr-TR">tr-TR.com_bfauction_plus.ini</language>
	    <language tag="tr-TR">tr-TR.com_bfauction_plus.sys.ini</language>
	    <language tag="sl-SI">sl-SI.com_bfauction_plus.ini</language>
	    <language tag="sl-SI">sl-SI.com_bfauction_plus.sys.ini</language>
	    <language tag="sv-SE">sv-SE.com_bfauction_plus.ini</language>
	    <language tag="sv-SE">sv-SE.com_bfauction_plus.sys.ini</language>
    	</languages>
    </administration>

</extension>