<?xml version="1.0" encoding="utf-8"?>
<!-- $Id: mod_bfsurvey_plus.xml 2 2012-09-16 02:43:53Z tuum $ -->
<extension
	version="1.6"
	type="module"
	method="upgrade">
    <name>BF Survey Plus</name>
    <creationDate>March 2014</creationDate>
    <author>Tim Plummer</author>
    <authorEmail>tim@tamlynsoftware.com.au</authorEmail>
    <authorUrl>http://www.tamlynsoftware.com/</authorUrl>
    <copyright>Copyright (c) 2014 - Tamlyn Software</copyright>
    <license>GNU GPL</license>
    <version>1.0.0</version>
	<description>Displays all BF Survey Plus surveys and shows which have been completed so far.</description>
	<files>
		<filename module="mod_bfsurvey_plus">mod_bfsurvey_plus.php</filename>
		<filename>helper.php</filename>
		<filename>index.html</filename>
		<folder>tmpl</folder>
		<folder>css</folder>
	</files>

	<config>
			<fields name="params">
			<fieldset name="basic">
				<field name="showHeading" type="radio" default="1" label="Show Heading" description="Would you like to show a column headings?">
					<option value="1">Yes</option>
					<option value="0">No</option>
				</field>
				<field name="showProgress" type="radio" default="1" label="Show Progress" description="Would you like to show progress?">
					<option value="1">Yes</option>
					<option value="0">No</option>
				</field>
				<field name="showActions" type="radio" default="1" label="Show Actions" description="Would you like to show actions?">
					<option value="1">Yes</option>
					<option value="0">No</option>
				</field>
				<field name="nameTitle" type="text" size="100" default="Survey Name" label="Progress text" description="What column heading do you want on the name column?"/>
				<field name="progressTitle" type="text" size="100" default="Your Progress" label="Progress text" description="What column heading do you want on the progress column?"/>
				<field name="actionsTitle" type="text" size="100" default="Actions" label="Actions text" description="What column heading do you want on the actions column?"/>
   			</fieldset>
		</fields>
	</config>


</extension>
