<?xml version="1.0" encoding="UTF-8"?>
<f0f>
	<!-- Component back-end options -->
	<backend>
		<!-- Dispatcher options -->
		<dispatcher>
			<option name="default_view">cpanels</option>
		</dispatcher>
		<view name="maintenance">
			<taskmap>
				<task name="browse">add</task>
				<task name="read">add</task>
				<task name="edit">add</task>
			</taskmap>
			<acl>
				<task name="add"></task>
			</acl>
		</view>
		<view name="importcsv">
			<taskmap>
				<task name="browse">add</task>
				<task name="read">add</task>
				<task name="edit">add</task>
			</taskmap>
			<acl>
				<task name="add"></task>
			</acl>
		</view>
		<view name="log">
			<taskmap>
				<task name="browse">browse</task>
				<task name="read">browse</task>
				<task name="edit">browse</task>
			</taskmap>
			<acl>
				<task name="browse"></task>
			</acl>
		</view>
	</backend>
	<!-- Component front-end options -->
	<frontend>
		<!-- Dispatcher options -->
		<dispatcher>
			<option name="default_view">auctions</option>
		</dispatcher>
		<!-- Options common for all views -->
		<view name="*">
			<!-- Per-task ACL settings. The star task sets the default ACL privileges for all tasks. -->
			<acl>
				<task name="*"></task>
			</acl>
		</view>
	</frontend>
</f0f>