<?xml version="1.0" encoding="utf-8"?>
<!-- $Id: mod_bfmyquiz_plus.xml 2 2012-09-16 02:43:53Z tuum $ -->
<extension
	version="1.6"
	type="module"
	method="upgrade">
    <name>BF My Quiz Plus</name>
    <creationDate>January 2014</creationDate>
    <author>Tim Plummer</author> 
    <authorEmail>tim@tamlynsoftware.com.au</authorEmail>
    <authorUrl>http://www.tamlynsoftware.com/</authorUrl>
    <copyright>Copyright (c) 2014 - Tamlyn Software</copyright>
    <license>GNU GPL</license>
    <version>1.0.0</version>
	<description>Displays all BF Quiz Plus quizzes and shows which have been completed so far.</description>
	<files>
		<filename module="mod_bfmyquiz_plus">mod_bfmyquiz_plus.php</filename>
		<filename>helper.php</filename>
		<filename>index.html</filename>
		<folder>tmpl</folder>
		<folder>css</folder>
	</files>

	<config>
			<fields name="params">
			<fieldset name="basic">
				<field name="component" type="radio" default="bfquiz_plus" label="Select component" description="Are you using BF Quiz Plus or BF Quiz Plus Trial?">
					<option value="bfquiz_plus">BF Quiz Plus</option>
					<option value="bfquiz_plustrial">BF Quiz Plus Trial</option>
				</field>
				<field name="showHeading" type="radio" default="1" label="Show Heading" description="Would you like to show a column headings?">
					<option value="1">Yes</option>
					<option value="0">No</option>
				</field>
				<field name="showProgress" type="radio" default="1" label="Show Progress" description="Would you like to show progress?">
					<option value="1">Yes</option>
					<option value="0">No</option>
				</field>
				<field name="showActions" type="radio" default="1" label="Show Actions" description="Would you like to show actions?">
					<option value="1">Yes</option>
					<option value="0">No</option>
				</field>		
				<field name="nameTitle" type="text" size="100" default="Quiz Name" label="Progress text" description="What column heading do you want on the name column?"/>
				<field name="progressTitle" type="text" size="100" default="Your Progress" label="Progress text" description="What column heading do you want on the progress column?"/>
				<field name="actionsTitle" type="text" size="100" default="Actions" label="Actions text" description="What column heading do you want on the actions column?"/>
				<field name="scoreTitle" type="text" size="100" default="Score" label="Score text" description="What column heading do you want on the score column?"/>
				<field name="totalTitle" type="text" size="100" default="GRAND TOTAL SCORE (FOR ALL QUIZZES):" label="Total text" description="What text do you want on the total?"/>
   			</fieldset>
		</fields>
	</config>
	

</extension>
