<?xml version="1.0" encoding="UTF-8"?>
<extension
	version="1.6"
	type="plugin"
	group="system"
	method="upgrade">
	<name>System - BF Validate Plus</name>
	<author>Tim Plummer</author>
	<creationDate>December 2013</creationDate>
	<copyright>Copyright (c) 2013 - Tamlyn Software</copyright>
    	<license>GNU General Public License version 3 or later</license>
	<authorEmail>tim@tamlynsoftware.com.au</authorEmail>
	<authorUrl>http://www.tamlynsoftware.com/</authorUrl>
	<version>1.3.0</version>
	<description>BF Validate Plus -- This plugin provides form validation. It adds radio and checkbox and drop down field validation functionality which Joomla! 1.6.x currently lacks.
	Don't forget to publish this plugin!</description>

	<files>
		<filename plugin="bfvalidateplus">bfvalidateplus.php</filename>
		<filename>bfvalidateplus.js</filename>
	</files>

	<scriptfile>install.php</scriptfile>

	<!-- Extension Update Specification -->
	<!--<updateservers>
		<server
			type="extension"
			priority="1"
			name="BF Validate Plus Updates">http://www.tamlynsoftware.com/updates/bfvalidateplus.xml</server>
	</updateservers>-->

</extension>