<?xml version="1.0" encoding="UTF-8" ?>
 <extension type="package" version="3.0">
 <name>Authorlink Package</name>
 <author>Tim Plummer</author>
 <creationDate>July 2013</creationDate>
 <packagename>authorlink</packagename>
 <license>GNU GPL</license>
 <version>1.0.0</version>
 <url>www.timplummer.com.au</url>
 <packager>Tim Plummer</packager>
 <packagerurl>www.timplummer.com.au</packagerurl>
 <description>Single Install Package combining content authorlink plugin with user author link plugin</description>
 <files folder="packages">
   <file type="plugin" id="authorlink" group="content">plg_content_authorlink_v1.1.0.zip</file>
   <file type="plugin" id="authorlink" group="user">plg_user_authorlink_v1.0.0.zip</file>
 </files>
 </extension>