<?xml version="1.0" encoding="UTF-8"?>
<extension
	version="2.5"
	type="plugin"
	group="user"
	method="upgrade">
    <name>User - BF User Log Plus</name>
    <author>Tim Plummer</author>
    <creationDate>November 2012</creationDate>
    <copyright>Copyright (C) 2012 Tamlyn Creative Pty Ltd. All rights reserved.</copyright>
    <license>http://http://www.gnu.org/licenses/gpl-3.0.html</license>
    <authorEmail>tim@tamlyncreative.com.au</authorEmail>
    <authorUrl>http://www.tamlyncreative.com.au/software</authorUrl>
    <version>1.0</version>
    <description>This plugin will record all the user login and logout on your site. Requires Joomla 2.5.4 or greater.
    Don't forget to publish this plugin!
    </description>
    <files>
        <filename plugin="bfuserlog_plus">bfuserlog_plus.php</filename>
    </files>
    
	<scriptfile>install.php</scriptfile>    
    
	<config>
		<fields name="params">
		
			<fieldset name="basic">		
   			</fieldset>
		</fields>
	</config>

	<!-- Extension Update Specification -->
	<updateservers>
		<server
			type="extension"
			priority="1"
			name="BF User Log Updates">http://www.tamlyncreative.com.au/software/updates/bfuserlog_plus.xml</server>
	</updateservers>	
				
</extension>