<?xml version="1.0" encoding="UTF-8"?>
<extension
	version="1.6"
	type="plugin"
	group="search"
	method="upgrade">
    <name>Search - BF Search Auction Plus</name>
    <author>Tim Plummer</author>
    <creationDate>November 2011</creationDate>
    <copyright>Copyright (C) 2011 Tamlyn Creative Pty Ltd. All rights reserved.</copyright>
    <license>http://http://www.gnu.org/licenses/gpl-3.0.html</license>
    <authorEmail>tim@tamlyncreative.com.au</authorEmail>
    <authorUrl>http://www.tamlyncreative.com.au/software</authorUrl>
    <version>1.0</version>
    <description>Enables searching of Auction items for BF Auction Plus. Requires Joomla 1.6.x or greater.
    Don't forget to publish this plugin!
    </description>
    <files>
        <filename plugin="bfsearchauctionplus">bfsearchauctionplus.php</filename>
    </files>
    
	<scriptfile>install.php</scriptfile>    
    
	<config>
		<fields name="params">
		
			<fieldset name="basic">		
		
    			<field name="component" type="radio" 
    				default="bfauction_plus" 
    				label="Select component" 
    				description="Are you using BF Auction Plus or BF Auction PlusTrial?"
    			>
					<option value="bfauction_plus">BF Auction Plus</option>
					<option value="bfauction_plustrial">BF Auction PlusTrial</option>
				</field>
				
				<field name="limit" type="text" 
					default="50" 
					label="Limit" 
					description="Limit the number of search results to display (default is 50)" 
				/>
				
				<field name="Itemid" type="text" 
					default="" 
					label="Menu Item ID" 
					description="Enter the menu item id number to load parameters from." 
				/>
   
   			</fieldset>
		</fields>
	</config>

	<!-- Extension Update Specification -->
	<updateservers>
		<server
			type="extension"
			priority="1"
			name="BF Search Auction Plus Updates">http://www.tamlyncreative.com.au/software/updates/bfsearchauctionplus.xml</server>
	</updateservers>	
				
</extension>