<?xml version="1.0" encoding="UTF-8" ?>
 <extension type="package" version="2.5">
 <name>BF Userlog Plus Package</name>
 <author>Tim Plummer</author>
 <creationDate>November 2012</creationDate>
 <packagename>bfuserlog_plus</packagename>
 <version>1.0.0</version>
 <url>http://www.tamlyncreative.com.au/software</url>
 <packager>Tim Plummer</packager>
 <packagerurl>http://www.tamlyncreative.com.au/software</packagerurl>
 <description>Single Install Package of BF Userlog Plus and Plg BF Userlog Plus</description>
 <files folder="packages">
   <file type="component" id="bfuserlog_plus" >com_bfuserlog_plus_v1.0.0.zip</file>
   <file type="plugin" id="user_bfuserlog_plus" group="user">plg_user_bfuserlog_plus_v1.0.zip</file>
 </files>
 </extension>