<?xml version="1.0" encoding="UTF-8"?>
<!-- $Id: mod_bffeatured_auctionplus.xml 2 2013-02-15 03:49:53Z tuum $ -->
<extension
	version="2.5"
	type="module"
	method="upgrade">
	<name>BF Featured Auction Plus</name>
	<creationDate>February 2013</creationDate>
	<author>Tim Plummer</author> 
	<authorEmail>tim@tamlynsoftware.com</authorEmail>
	<authorUrl>http://www.tamlynsoftware.com/</authorUrl>
	<copyright>Copyright (c) 2013 - Tamlyn Software</copyright>
	<license>GNU GPL</license>
	<version>1.0.0</version>
	<description>Displays featured auction items for BF Auction Plus.</description>
	<files>
		<filename module="mod_bffeatured_auctionplus">mod_bffeatured_auctionplus.php</filename>
		<filename>helper.php</filename>
		<filename>index.html</filename>
		<folder>tmpl</folder>
		<folder>css</folder>
	</files>
	
	<config>
			<fields name="params">
			<fieldset name="basic">
	
		<field name="component" type="radio" default="bfauction_plus" label="Select component" description="Are you using BF Auction Plus or BF Auction Plus Trial?">
			<option value="bfauction_plus">BF Auction Plus</option>
			<option value="bfauction_plustrial">BF Auction Plus Trial</option>
		</field>
		<field name="count" type="text" default="5" label="Count" description="The number of items to display (default is 5)" />
		<field name="catid" type="text" default="" label="Category ID" description="Leave blank for all categories, or enter a category to limit to only new items in that category" />
		<field name="Itemid" type="text" default="" label="Menu Item ID" description="(optional) Which menu item will the parameters load from? Blank means use component options." />

   			</fieldset>
		</fields>
	</config>
	
	<!-- Extension Update Specification -->
	<updateservers>
		<server
			type="extension"
			priority="1"
			name="BF Featured Auction Plus Updates">http://www.tamlynsoftware.com/updates/bffeaturedauctionplus.xml</server>
	</updateservers>	
	
</extension>
