<?xml version="1.0" encoding="utf-8"?>
<!-- $Id: com_bfauction_pro.xml 23 2012-04-04 11:59:04Z tuum $ -->
<!DOCTYPE install SYSTEM "http://dev.joomla.org/xml/1.5/component-install.dtd">
<install type="component" version="1.5" method="upgrade"> 
    <name>BFAuction_Pro</name> 
    <creationDate>February 2012</creationDate> 
    <author>http://www.tamlyncreative.com.au/software/</author> 
    <authorEmail>tim@tamlyncreative.com.au</authorEmail>
    <authorUrl>http://www.tamlyncreative.com.au/software/</authorUrl>
    <copyright>Copyright (c) 2012 - Tamlyn Creative Pty Ltd</copyright>
    <license>GNU GPL</license>
    <version>1.4.2.0</version>
    <description>BF Auction Pro is a basic auction tool ideal for internal staff auctions of surplus equipment.</description>

    <installfile>install.bfauction_pro.php</installfile>
    <uninstallfile>uninstall.bfauction_pro.php</uninstallfile>

    <install>
        <sql><file driver="mysql" charset="utf8">install.sql</file></sql>
    </install>
       
    <uninstall>
        <sql><file driver="mysql" charset="utf8">uninstall.sql</file></sql>
    </uninstall>  

    <files folder="component">
	    <filename>index.html</filename>
	    <filename>controller.php</filename>	  
	    <filename>bfauction_pro.php</filename>
	   	
	   	<filename>assets/index.html</filename>
	   	<filename>assets/ajax.php</filename>
	   		   	
	    <filename>controllers/bid.php</filename>
	    <filename>controllers/item.php</filename>
	    <filename>controllers/index.html</filename>
	    <filename>controllers/mybids.php</filename>
	    <filename>controllers/myitems.php</filename>
	    <filename>controllers/watchlist.php</filename>
	   	
	    <filename>css/bfauction_pro.css</filename>
	    <filename>css/index.html</filename>
	    
	    <filename>images/index.html</filename>
	    <filename>images/con_info.png</filename>
	    <filename>images/icon-16-default.png</filename>
	    <filename>images/icon-32-cancel.png</filename>
	    <filename>images/icon-32-new.png</filename>
	    <filename>images/icon-32-save.png</filename>
	    <filename>images/bftick.jpg</filename>
	    
	    <filename>models/index.html</filename>
	    <filename>models/bid.php</filename>	  
	    <filename>models/bfauction_pro.php</filename>
	    <filename>models/bidhistory.php</filename>
	    <filename>models/bidnow.php</filename>
	    <filename>models/buynow.php</filename>
	    <filename>models/item.php</filename>
	    <filename>models/mybids.php</filename>
	    <filename>models/myitems.php</filename>
	    <filename>models/watchlist.php</filename> 
	    
	    <filename>views/index.html</filename>	  
	    <filename>views/bid/index.html</filename>	  
	    <filename>views/bid/view.html.php</filename>
	    <filename>views/bid/metadata.xml</filename>
	    <filename>views/bid/tmpl/index.html</filename>	  
	    <filename>views/bid/tmpl/default.php</filename>
	    	  
	    <filename>views/bidhistory/index.html</filename>	  
	    <filename>views/bidhistory/view.html.php</filename>
	    <filename>views/bidhistory/metadata.xml</filename>
	    <filename>views/bidhistory/tmpl/index.html</filename>	  
	    <filename>views/bidhistory/tmpl/default.php</filename>	    
	    	  
	    <filename>views/buynow/index.html</filename>	  
	    <filename>views/buynow/view.html.php</filename>
	    <filename>views/buynow/metadata.xml</filename>
	    <filename>views/buynow/tmpl/index.html</filename>	  
	    <filename>views/buynow/tmpl/default.php</filename>		    	  
	    	  
	    <filename>views/bidnow/index.html</filename>	  
	    <filename>views/bidnow/view.html.php</filename>
	    <filename>views/bidnow/metadata.xml</filename>
	    <filename>views/bidnow/tmpl/index.html</filename>	  
	    <filename>views/bidnow/tmpl/default.php</filename>	    	  
	    	  
	    <filename>views/disclaimer/index.html</filename>	  
	    <filename>views/disclaimer/view.html.php</filename>
	    <filename>views/disclaimer/tmpl/index.html</filename>	  
	    <filename>views/disclaimer/tmpl/default.php</filename>
	    <filename>views/disclaimer/tmpl/default.xml</filename>	    
	    	  
	    <filename>views/bfauction_pro/index.html</filename>	  
	    <filename>views/bfauction_pro/view.html.php</filename>
	    <filename>views/bfauction_pro/metadata.xml</filename>
	    <filename>views/bfauction_pro/tmpl/index.html</filename>	  
	    <filename>views/bfauction_pro/tmpl/default.php</filename>
	    
	    <filename>views/item/index.html</filename>	  
	    <filename>views/item/view.html.php</filename>
	    <filename>views/item/metadata.xml</filename>
	    <filename>views/item/tmpl/index.html</filename>	  
	    <filename>views/item/tmpl/form.php</filename>		    	    
	    
	    <filename>views/myitems/index.html</filename>	  
	    <filename>views/myitems/view.html.php</filename>
	    <filename>views/myitems/metadata.xml</filename>
	    <filename>views/myitems/tmpl/index.html</filename>	  
	    <filename>views/myitems/tmpl/default.php</filename>
	    
	    <filename>views/mybids/index.html</filename>	  
	    <filename>views/mybids/view.html.php</filename>
	    <filename>views/mybids/metadata.xml</filename>
	    <filename>views/mybids/tmpl/index.html</filename>	  
	    <filename>views/mybids/tmpl/default.php</filename>
	    
	    <filename>views/watchlist/index.html</filename>	  
	    <filename>views/watchlist/view.html.php</filename>
	    <filename>views/watchlist/metadata.xml</filename>
	    <filename>views/watchlist/tmpl/index.html</filename>	  
	    <filename>views/watchlist/tmpl/default.php</filename>		        
	    
	    <filename>lib/index.html</filename>
	    <folder>lib/lytebox</folder>
	    <folder>lib/lytebox/images</folder>
	    <folder>payments</folder>
	      	  	            
    </files>
    
    <languages folder="languages">
    	<language tag="en-GB">en-GB.com_bfauction_pro.ini</language>
    	<language tag="pt-BR">pt-BR.com_bfauction_pro.ini</language>
    	<language tag="sk-SK">sk-SK.com_bfauction_pro.ini</language>
    	<language tag="jp-JP">jp-JP.com_bfauction_pro.ini</language>
    	<language tag="fi-FI">fi-FI.com_bfauction_pro.ini</language>
    	<language tag="pl-PL">pl-PL.com_bfauction_pro.ini</language>
    	<language tag="ro-RO">ro-RO.com_bfauction_pro.ini</language>
    	<language tag="nl-NL">nl-NL.com_bfauction_pro.ini</language>
    	<language tag="fr-FR">fr-FR.com_bfauction_pro.ini</language>
    	<language tag="hu-HU">hu-HU.com_bfauction_pro.ini</language>
    	<language tag="de-DE">de-DE.com_bfauction_pro.ini</language>
    	<language tag="cs-CZ">cs-CZ.com_bfauction_pro.ini</language>
    	<language tag="da-DK">da-DK.com_bfauction_pro.ini</language>
    	<language tag="pt-PT">pt-PT.com_bfauction_pro.ini</language>
    </languages>    

    <administration>
        <menu img="./components/com_bfauction_pro/images/bftick.png">BF Auction Pro</menu>
		<submenu>
	   		<menu link="option=com_bfauction_pro&amp;controller=controller" img="js/ThemeOffice/component.png">Items</menu>
	   		<menu link="option=com_categories&amp;section=com_bfauction_pro" img="js/ThemeOffice/component.png">Categories</menu>
	   		<menu link="option=com_bfauction_pro&amp;controller=emailtemplate&amp;task=emailtemplate" img="js/ThemeOffice/component.png">Email Template</menu>
	   		<menu link="option=com_bfauction_pro&amp;controller=useraccess&amp;task=useraccess" img="js/ThemeOffice/component.png">User Access Control</menu>
	   		<menu link="option=com_bfauction_pro&amp;controller=plugins&amp;task=plugins&amp;view=plugins" img="js/ThemeOffice/component.png">Payment Plugins</menu>
        </submenu>

        <files folder="admin">
	    <filename>index.html</filename>
	    <filename>admin.bfauction_pro.php</filename>
	    <filename>controller.php</filename>
	    <filename>config.xml</filename>
		
	    <filename>controllers/index.html</filename>
	    <filename>controllers/emailitem.php</filename>	
	    <filename>controllers/emailtemplate.php</filename>
	    <filename>controllers/item.php</filename>
	    <filename>controllers/user.php</filename>
	    <filename>controllers/useraccess.php</filename>
	    <filename>controllers/plugins.php</filename>
		
	    <filename>css/bfauction_pro.css</filename>
	    <filename>css/index.html</filename>		
	    
	    <filename>views/index.html</filename>
	    <filename>views/bfauction_pro/index.html</filename>
	    <filename>views/bfauction_pro/view.html.php</filename>
	    <filename>views/bfauction_pro/tmpl/index.html</filename>
	    <filename>views/bfauction_pro/tmpl/default.php</filename>	
	    
	    <filename>views/item/index.html</filename>
	    <filename>views/item/view.html.php</filename>
	    <filename>views/item/tmpl/index.html</filename>
	    <filename>views/item/tmpl/form.php</filename>		    

	    <filename>views/emailitem/index.html</filename>
	    <filename>views/emailitem/view.html.php</filename>
	    <filename>views/emailitem/tmpl/index.html</filename>
	    <filename>views/emailitem/tmpl/form.php</filename>		    

	    <filename>views/emailtemplate/index.html</filename>
	    <filename>views/emailtemplate/view.html.php</filename>
	    <filename>views/emailtemplate/tmpl/index.html</filename>
	    <filename>views/emailtemplate/tmpl/default.php</filename>		    

	    <filename>views/user/index.html</filename>
	    <filename>views/user/view.html.php</filename>
	    <filename>views/user/tmpl/index.html</filename>
	    <filename>views/user/tmpl/form.php</filename>		    

	    <filename>views/useraccess/index.html</filename>
	    <filename>views/useraccess/view.html.php</filename>
	    <filename>views/useraccess/tmpl/index.html</filename>
	    <filename>views/useraccess/tmpl/default.php</filename>		    

	    <filename>views/listusers/index.html</filename>
	    <filename>views/listusers/view.html.php</filename>
	    <filename>views/listusers/tmpl/index.html</filename>
	    <filename>views/listusers/tmpl/default.php</filename>
	    
	    <filename>views/plugin/index.html</filename>
	    <filename>views/plugin/view.html.php</filename>
	    <filename>views/plugin/tmpl/index.html</filename>
	    <filename>views/plugin/tmpl/default.php</filename>
	    
		<filename>views/plugins/index.html</filename>
	    <filename>views/plugins/view.html.php</filename>
	    <filename>views/plugins/tmpl/index.html</filename>
	    <filename>views/plugins/tmpl/default.php</filename>	    	

	    <filename>tables/index.html</filename>
	    <filename>tables/item.php</filename>
	    <filename>tables/bid.php</filename>
	    <filename>tables/emailitem.php</filename>
	    <filename>tables/user.php</filename>
	    <filename>tables/plugin.php</filename>
	    
	    <filename>models/index.html</filename>
	    <filename>models/item.php</filename>
	    <filename>models/bid.php</filename>
	    <filename>models/bfauction_pro.php</filename>
	    <filename>models/emailitem.php</filename>
	    <filename>models/emailtemplate.php</filename>
	    <filename>models/user.php</filename>
	    <filename>models/useraccess.php</filename>
	    <filename>models/listusers.php</filename>
	    <filename>models/plugins.php</filename>
	    <filename>models/plugin.php</filename>
	    
	    <filename>elements/index.html</filename>
	    <filename>elements/disclaimer.php</filename>
	    
	    <filename>helpers/index.html</filename>
	    <filename>helpers/helper.php</filename>
	    
	    <filename>images/index.html</filename>
	    <filename>images/con_info.png</filename>
	    <filename>images/icon-16-default.png</filename>	
	    <filename>images/bftick.jpg</filename>
	    <filename>images/bftick.png</filename>
	    <filename>images/b_browse.png</filename>
	    
	    <folder>liveupdate</folder>
	    
	    <filename>install.sql</filename>
	    <filename>uninstall.sql</filename>	    
        </files>
        
        <languages folder="languages">
	    <language tag="en-GB">en-GB.com_bfauction_pro.ini</language>
	    <language tag="pt-BR">pt-BR.com_bfauction_pro.ini</language>
	    <language tag="sk-SK">sk-SK.com_bfauction_pro.ini</language>
	    <language tag="jp-JP">jp-JP.com_bfauction_pro.ini</language>
	    <language tag="fi-FI">fi-FI.com_bfauction_pro.ini</language>
	    <language tag="pl-PL">pl-PL.com_bfauction_pro.ini</language>
	    <language tag="ro-RO">ro-RO.com_bfauction_pro.ini</language>
	    <language tag="nl-NL">nl-NL.com_bfauction_pro.ini</language>
	    <language tag="fr-FR">fr-FR.com_bfauction_pro.ini</language>
	    <language tag="hu-HU">hu-HU.com_bfauction_pro.ini</language>
	    <language tag="de-DE">de-DE.com_bfauction_pro.ini</language>
	    <language tag="cs-CZ">cs-CZ.com_bfauction_pro.ini</language>
	    <language tag="da-DK">da-DK.com_bfauction_pro.ini</language>
	    <language tag="pt-PT">pt-PT.com_bfauction_pro.ini</language>
    	</languages>        
    </administration>              

</install>