<?xml version="1.0" encoding="UTF-8"?>
<!-- $Id: mod_bfrecent_auctionplus.xml 5 2013-02-18 11:09:21Z tuum $ -->
<extension
	version="1.6"
	type="module"
	method="upgrade">
	<name>BF Recent Auction Plus</name>
	<creationDate>February 2013</creationDate>
	<author>http://www.tamlynsoftware.com/</author> 
	<authorEmail>tim@tamlyncreative.com.au</authorEmail>
	<authorUrl>http://www.tamlynsoftware.com/</authorUrl>
	<copyright>Copyright (c) 2013 - Tamlyn Software</copyright>
	<license>GNU GPL</license>
	<version>1.2.1</version>
	<description>Displays recent auction items for BF Auction Plus.</description>
	<files>
		<filename module="mod_bfrecent_auctionplus">mod_bfrecent_auctionplus.php</filename>
		<filename>helper.php</filename>
		<filename>index.html</filename>
		<folder>tmpl</folder>
		<folder>css</folder>
	</files>
	
	<config>
		<fields name="params">
			<fieldset name="basic">
	
			<field name="component" type="radio" default="bfauction_plus" label="Select component" description="Are you using BF Auction Plus or BF Auction Plus Trial?">
				<option value="bfauction_plus">BF Auction Plus</option>
				<option value="bfauction_plustrial">BF Auction Plus Trial</option>
			</field>
			<field name="count" type="text" default="5" label="Count" description="The number of items to display (default is 5)" />
			<field name="catid" type="text" default="" label="Category ID" description="Leave blank for all categories, or enter a category to limit to only new items in that category" />
			<field name="Itemid" type="text" default="" label="Menu Item ID" description="(optional) Which menu item will the parameters load from? Blank means use component options." />
   		</fieldset>
   			
		<fieldset
			name="advanced">
				<field
					name="moduleclass_sfx"
					type="text"
					label="COM_MODULES_FIELD_MODULECLASS_SFX_LABEL"
					description="COM_MODULES_FIELD_MODULECLASS_SFX_DESC" />
   		</fieldset>   			
   			
		</fields>
	</config>
	
	<!-- Extension Update Specification -->
	<updateservers>
		<server
			type="extension"
			priority="1"
			name="BF Recent Auction Plus Updates">http://www.tamlynsoftware.com/updates/bfrecentauctionplus.xml</server>
	</updateservers>	
	
</extension>
