<?xml version="1.0" encoding="utf-8"?>
<extension type="module" version="2.5.0" method="upgrade" client="site">
	<name>BF Survey - Embed survey</name>
	<author>Tim Plummer</author>
	<creationDate>June 2014</creationDate>
	<copyright>Copyright (C) 2014 Tim Plummer / TamlynSoftware.com</copyright>
	<license>GNU GPLv3 - http://www.gnu.org/licenses/gpl.html</license>
	<authorEmail>tim@tamlynsoftware.com</authorEmail>
	<authorUrl>www.tamlynsoftware.com</authorUrl>
	<version>1.1.0</version>
	<description>MOD_BFSURVEY_DESCRIPTION</description>
	<files>
		<file module="mod_bfsurvey">mod_bfsurvey.php</file>
		<folder>tmpl</folder>
	</files>
	<languages folder="language">
		<language tag="en-GB">en-GB/en-GB.mod_bfsurvey.ini</language>
		<language tag="en-GB">en-GB/en-GB.mod_bfsurvey.sys.ini</language>
		<language tag="sl-SI">sl-SI/sl-SI.mod_bfsurvey.ini</language>
		<language tag="sl-SI">sl-SI/sl-SI.mod_bfsurvey.sys.ini</language>
	</languages>

	<!-- Media files -->
	<media destination="com_bfsurvey" folder="media">
		<folder>css</folder>
	</media>

	<config>
		<fields name="params">
			<fieldset name="basic">
				<field name="moduleclass_sfx" type="text" default="" label="MOD_BFSURVEY_SUFFIX_LABEL" description="MOD_BFSURVEY_SUFFIX_DESC" />

				<field name="slug" type="sql" default=""
					label="MOD_BFSURVEY_REQUEST_CATEGORY_SLUG_TITLE"
					description="MOD_BFSURVEY_REQUEST_CATEGORY_SLUG_DESC"
					query="SELECT slug, title, bfsurvey_category_id FROM #__bfsurvey_categories"
					key_field="bfsurvey_category_id"
					value_field="title" />
			</fieldset>
		</fields>
	</config>
</extension>