<?xml version="1.0" encoding="utf-8"?>
<extension version="2.5" type="plugin" group="finder" method="upgrade">
	<name>plg_finder_bfauctionplus</name>
	<author>Tim Plummer</author>
	<creationDate>May 2013</creationDate>
	<copyright>(C) 2013 Tamlyn Software. All rights reserved.</copyright>
	<license>GNU General Public License version 2 or later; see	LICENSE.txt</license>
	<authorEmail>tim@tamlyncreative.com.au</authorEmail>
	<authorUrl>http://www.tamlynsoftware.com</authorUrl>
	<version>1.0.0</version>
	<description>PLG_FINDER_FOLIO_XML_DESCRIPTION</description>
	<scriptfile>script.php</scriptfile>
	<files>
		<file plugin="bfauctionplus">bfauctionplus.php</file>
    	<filename>index.html</filename>
	</files>
	<languages>
		<language tag="en-GB">language/en-GB/en-GB.plg_finder_bfauctionplus.ini</language>
		<language tag="en-GB">language/en-GB/en-GB.plg_finder_bfauctionplus.sys.ini</language>
	</languages>
</extension>
