<?xml version="1.0" encoding="UTF-8"?>
<extension
		version="3.0"
		type="plugin"
		group="content"
		method="upgrade">
	<name>Content - Author Link</name>
	<author>Tim Plummer</author>
	<creationDate>June 2013</creationDate>
	<copyright>Copyright (C) 2013 Tamlyn Software. All rights reserved.</copyright>
	<license> http://www.gnu.org/licenses/gpl-3.0.html</license>
	<authorEmail>tim@tamlynsoftware.com</authorEmail>
	<authorUrl>http://tamlynsoftware.com</authorUrl>
	<version>1.0.0</version>
	<description>This plugin will replace an articles author with google plus link using mircodata. Requires Joomla 3.0 or greater.
	Don't forget to publish this plugin!
	</description>
	<files>
		<filename plugin="authorlink">authorlink.php</filename>
		<filename plugin="authorlink">index.html</filename>
	</files>
	<languages>
		<language tag="en-GB">language/en-GB/en-GB.plg_content_authorlink.ini</language>
	</languages>	
	<config>
		<fields name="params">
			<fieldset name="basic">		
			
				<field name="url" type="url" 
					default="" 
					label="PLG_CONTENT_AUTHORLINK_FIELD_URL_LABEL" 
					description="PLG_CONTENT_AUTHORLINK_FIELD_URL_DESC" 
				/>
						
   			</fieldset>
		</fields>
	</config>    	
</extension>