<?xml version="1.0" encoding="utf-8"?>
<extension type="component" version="3.1" method="upgrade">
	<name>BF SEO</name>
	<author>Tamlyn Software</author>
	<creationDate>2016-05-17</creationDate>
	<copyright>Copyright (c) 2016 - Tamlyn Software</copyright>
	<license>GNU General Public License version 2 or later</license>
	<authorEmail>tim@tamlynsoftware.com</authorEmail>
	<authorUrl>http://www.tamlynsoftware.com/</authorUrl>
	<version>1.3.2</version>
	<description>BF SEO is a tool to help you with SEO in Joomla.</description>
	
   <scriptfile>file.script.php</scriptfile>	
	
	<install>
		<sql>
			<file driver="mysql" charset="utf8">sql/install/mysql/install.sql</file>
			<file driver="mysql">sql/install/mysql/install.sql</file>
			<file driver="mysqli" charset="utf8">sql/install/mysql/install.sql</file>
			<file driver="mysqli">sql/install/mysql/install.sql</file>
		</sql>
	</install>

	<uninstall>
		<sql>
			<file driver="mysql" charset="utf8">sql/install/mysql/uninstall.sql</file>
			<file driver="mysql">sql/install/mysql/uninstall.sql</file>
			<file driver="mysqli" charset="utf8">sql/install/mysql/uninstall.sql</file>
			<file driver="mysqli">sql/install/mysql/uninstall.sql</file>
		</sql>
	</uninstall>

	<update>
		<schemas>
			<schemapath type="mysql">sql/updates/mysql</schemapath>
		</schemas>
	</update>	
	
	<media destination="com_bfseo" folder="media">
		<folder>css</folder>
		<folder>images</folder>
		<folder>js</folder>
	</media>
	
    <files folder="frontend">
		<folder>controllers</folder>
		<folder>models</folder>
		<folder>views</folder>    
		<filename>bfseo.php</filename>
		<filename>dispatcher.php</filename>
    </files>
    
	<languages folder="language/frontend">
		<language tag="en-GB">en-GB/en-GB.com_bfseo.ini</language>
	</languages>    
	
	<administration>
		<menu view="cpanel"
			img="../media/com_bfseo/images/bfseo-16.png">COM_BFSEO</menu>
	
		<files folder="backend">
			<filename>config.xml</filename>
			<filename>controller.php</filename>
			<filename>bfseo.php</filename>
			<filename>fof.xml</filename>
			<filename>access.xml</filename>
			<filename>toolbar.php</filename>
			
			<folder>controllers</folder>
			<folder>helpers</folder>
			<folder>models</folder>
			<folder>views</folder>
			<folder>sql</folder>
		</files>
		
		<languages folder="language/backend">
			<language tag="en-GB">en-GB/en-GB.com_bfseo.ini</language>
			<language tag="en-GB">en-GB/en-GB.com_bfseo.sys.ini</language>
		</languages>
	</administration>
	
	<updateservers>    
		<server type="extension" priority="1" 
				name="BF SEO"><![CDATA[http://www.tamlynsoftware.com/index.php?option=com_ars&view=update&task=stream&format=xml&id=6]]>
		</server>
	</updateservers>
	
</extension>
